player,player_id,position,team_name,player_game_count,assists,batted_passes,catch_rate,declined_penalties,forced_fumbles,franchise_id,grades_coverage_defense,grades_defense,grades_defense_penalty,grades_pass_rush_defense,grades_run_defense,grades_tackle,hits,hurries,interceptions,longest,missed_tackle_rate,missed_tackles,pass_break_ups,penalties,qb_rating_against,receptions,sacks,snap_counts_box,snap_counts_corner,snap_counts_coverage,snap_counts_defense,snap_counts_dl,snap_counts_dl_a_gap,snap_counts_dl_b_gap,snap_counts_dl_outside_t,snap_counts_dl_over_t,snap_counts_fs,snap_counts_offball,snap_counts_pass_rush,snap_counts_run_defense,snap_counts_slot,stops,tackles,targets,total_pressures,touchdowns,yards,yards_after_catch,yards_per_reception
Calais Campbell,4364,DI,BLT,1,0,0,,0,0,3,,58.2,77.3,66.6,50.6,69.0,1,0,0,,0.0,0,0,0,0.0,0,1,0,0,0,49,49,5,26,1,17,0,0,28,21,0,1,1,0,2,0,0,0,
Malcolm Jenkins,4937,S,NO,1,1,0,100.0,0,0,20,59.1,61.9,77.2,54.2,69.6,79.0,0,0,0,10,0.0,0,0,0,95.8,2,0,24,3,43,70,14,0,0,14,0,13,56,4,23,16,2,3,2,0,0,14,1,7.0
Ndamukong Suh,5527,DI,TB,1,1,0,,0,0,30,,68.9,77.2,71.6,56.6,71.2,0,2,0,,0.0,0,0,0,0.0,0,2,0,0,0,46,46,0,21,1,24,0,0,33,13,0,2,1,0,4,0,0,0,
Jason Pierre-Paul,5540,ED,TB,1,0,0,100.0,0,0,30,51.4,44.9,77.1,48.4,54.0,34.9,0,2,0,6,33.3,1,0,0,91.7,1,0,0,0,3,37,36,0,0,36,0,0,1,22,12,1,2,2,1,2,0,6,9,6.0
Kareem Jackson,5545,S,DEN,1,0,0,66.7,0,0,10,29.6,28.6,83.5,,62.4,73.0,0,0,0,13,0.0,0,0,0,88.2,2,0,9,0,35,55,0,0,0,0,0,38,55,0,20,8,0,1,3,0,0,22,15,11.0
Devin McCourty,5552,S,NE,1,0,0,0.0,0,0,19,66.5,69.1,76.8,60.0,62.8,75.4,0,1,0,,0.0,0,0,0,39.6,0,0,11,1,37,58,1,0,0,1,0,38,57,1,20,7,0,2,2,1,0,0,0,
Jerry Hughes,5556,ED,BUF,1,1,0,,0,0,4,60.0,40.7,77.7,56.8,41.9,21.5,0,0,0,,66.7,2,0,0,0.0,0,0,0,0,0,25,25,0,0,25,0,0,0,2,23,0,0,0,0,0,0,0,0,
Carlos Dunlap,5579,ED,SEA,1,0,1,,0,0,29,60.0,76.1,73.4,72.9,,69.6,0,0,0,,,0,0,0,0.0,0,1,0,0,1,7,7,0,0,7,0,0,0,6,0,0,1,0,0,1,0,0,0,
Corey Peters,5607,DI,ARZ,1,0,0,,0,0,1,,81.2,75.7,67.2,76.3,67.6,0,2,0,,0.0,0,0,0,0.0,0,0,0,0,0,26,26,12,14,0,0,0,0,16,10,0,1,1,0,2,0,0,0,
Al Woods,5646,DI,SEA,1,0,0,,0,0,29,,58.1,77.7,52.2,62.0,68.6,0,0,0,,0.0,0,0,0,0.0,0,0,1,0,0,36,35,12,13,7,3,0,1,18,18,0,1,1,0,0,0,0,0,
Andrew Sendejo,6118,S,IND,1,0,0,,0,0,14,63.5,65.5,77.9,,61.5,77.2,0,0,0,,,0,0,0,0.0,0,0,5,0,30,45,0,0,0,0,0,38,45,0,15,2,0,0,0,0,0,0,0,
Von Miller,6154,ED,LA,1,0,0,100.0,0,0,26,90.6,78.3,77.3,57.0,65.8,69.9,0,0,0,-1,0.0,0,1,0,79.2,1,0,1,0,9,47,46,0,0,46,0,0,1,23,15,0,1,1,1,0,0,-1,5,-1.0
Robert Quinn,6166,ED,CHI,1,0,0,,0,0,6,62.5,55.5,77.7,49.5,58.9,78.4,0,0,0,,33.3,1,0,0,0.0,0,0,0,0,1,40,39,0,1,38,0,0,1,17,22,1,2,2,0,0,0,0,0,
Ryan Kerrigan,6168,ED,PHI,1,0,0,,0,0,24,61.6,63.0,76.4,50.0,61.2,69.2,0,1,0,,0.0,0,0,0,0.0,0,0,0,0,0,20,20,0,0,20,0,0,0,14,6,0,1,1,0,1,0,0,0,
Cameron Jordan,6176,ED,NO,1,0,0,,0,0,20,62.0,58.5,80.3,48.4,74.0,69.2,1,0,0,,0.0,0,0,0,0.0,0,0,0,0,2,57,57,0,0,56,1,0,0,40,15,0,1,1,0,1,0,0,0,
Jimmy Smith,6179,CB,BLT,1,1,0,66.7,0,0,3,50.5,56.9,76.9,,75.7,77.8,0,0,0,9,0.0,0,0,0,79.9,2,0,2,38,22,41,0,0,0,0,0,0,41,0,19,1,1,3,3,0,0,16,8,8.0
Cameron Heyward,6183,DI,PIT,1,2,0,,0,0,25,60.0,64.8,77.4,58.2,68.0,72.0,0,0,0,,0.0,0,0,0,0.0,0,1,0,0,0,58,58,7,22,2,27,0,0,42,16,0,2,2,0,1,0,0,0,
Justin Houston,6222,ED,BLT,1,1,0,,0,0,3,77.6,58.2,76.6,49.8,52.1,28.6,0,0,0,,50.0,1,1,0,0.0,0,0,0,0,2,39,39,0,0,35,4,0,0,22,15,0,0,0,0,0,0,0,0,
K.J. Wright,6251,LB,LV,1,1,0,100.0,0,0,23,76.0,53.8,74.8,,30.8,32.2,0,0,0,5,25.0,1,0,0,83.3,2,0,17,0,17,35,11,0,0,11,0,0,24,0,18,7,2,2,2,0,0,8,5,4.0
Lawrence Guy,6385,DI,NE,1,1,0,,0,0,19,60.0,80.3,76.3,55.4,86.4,71.9,0,1,0,,16.7,1,0,0,0.0,0,0,0,0,0,33,33,1,19,3,10,0,0,21,12,0,1,4,0,1,0,0,0,
Chris Harris Jr.,6457,CB,LAC,1,0,0,50.0,0,0,27,67.8,66.5,77.1,51.1,63.0,58.4,0,0,1,20,25.0,1,0,0,28.1,2,0,2,2,43,60,1,0,0,1,0,1,59,4,13,54,0,3,4,0,0,23,3,11.5
Josh Bynes,6503,LB,BLT,1,4,0,66.7,0,0,3,67.3,64.8,75.2,55.4,60.8,81.8,0,0,0,9,0.0,0,0,0,77.1,2,0,40,0,14,40,0,0,0,0,0,0,40,3,23,0,2,4,3,0,0,14,10,7.0
Mario Addison,6558,ED,BUF,1,0,0,,0,0,4,,54.7,76.7,70.8,49.7,,0,1,0,,,0,0,0,0.0,0,0,0,0,0,18,18,0,0,17,1,0,0,3,15,0,0,0,0,1,0,0,0,
Fletcher Cox,7018,DI,PHI,1,3,0,,0,0,24,62.3,67.7,77.5,52.3,71.1,70.7,0,2,0,,0.0,0,0,0,0.0,0,0,0,0,0,44,44,1,21,2,20,0,0,30,14,0,1,1,0,2,0,0,0,
Michael Brockers,7020,DI,DET,1,2,0,,0,0,11,,63.3,76.9,50.7,68.1,72.4,0,0,0,,0.0,0,0,0,0.0,0,0,0,0,0,30,30,2,15,10,3,0,0,17,13,0,2,3,0,0,0,0,0,
Bruce Irvin,7021,ED,CHI,1,0,0,100.0,0,0,6,63.8,71.8,74.6,71.3,61.1,70.5,0,2,0,7,0.0,0,0,0,95.8,1,0,0,0,2,17,17,0,0,17,0,0,0,7,8,0,0,1,1,2,0,7,6,7.0
Melvin Ingram III,7024,ED,KC,1,1,0,,0,0,16,60.5,53.8,0.0,58.0,62.6,73.6,1,0,0,,0.0,0,0,1,0.0,0,1,1,0,2,41,40,0,0,40,0,0,1,24,15,0,2,1,0,2,0,0,0,
Chandler Jones,7027,ED,ARZ,1,1,2,,0,0,1,64.6,75.9,79.5,63.1,78.8,53.4,1,1,0,,0.0,0,0,0,0.0,0,1,0,0,6,68,68,0,0,68,0,0,0,40,22,0,2,3,0,3,0,0,0,
Dont'a Hightower,7030,LB,NE,1,2,0,100.0,0,0,19,30.3,35.8,0.0,51.1,74.1,77.8,0,1,0,16,14.3,1,0,1,100.8,5,0,30,0,21,44,14,0,0,14,0,0,30,7,16,0,0,4,5,1,0,41,26,8.2
Bobby Wagner,7050,LB,SEA,1,3,0,75.0,0,0,29,70.2,69.3,75.2,55.9,62.4,50.0,0,0,1,14,18.2,2,0,0,55.2,3,0,59,0,30,59,0,0,0,0,0,0,59,2,27,0,3,6,4,0,0,29,10,9.7
Lavonte David,7060,LB,TB,1,1,0,100.0,0,0,30,66.6,70.3,74.6,60.0,70.7,37.2,0,0,0,14,25.0,2,0,0,93.8,4,0,59,0,46,69,2,0,0,2,0,0,67,1,22,8,2,5,4,0,0,26,14,6.5
Casey Hayward Jr.,7064,CB,LV,1,0,0,25.0,0,0,23,70.9,72.1,78.4,,70.2,78.0,0,0,0,6,0.0,0,0,0,39.6,1,0,2,65,37,67,0,0,0,0,0,0,67,0,30,0,0,3,4,0,0,6,1,6.0
Demario Davis,7079,LB,NO,1,1,0,,0,0,20,71.3,69.0,77.8,61.3,58.5,77.8,2,1,0,,0.0,0,0,0,0.0,0,0,56,0,36,70,10,0,0,10,0,0,60,11,23,4,0,3,0,3,0,0,0,
Rodney McLeod,7271,S,PHI,1,1,0,33.3,0,0,24,58.1,61.0,76.3,,66.4,82.8,0,0,0,7,0.0,0,0,0,42.4,1,0,5,1,27,38,0,0,0,0,0,21,38,0,11,11,1,2,3,0,0,7,3,7.0
Tashaun Gipson Sr.,7288,S,CHI,1,0,0,100.0,0,0,6,73.4,73.3,75.5,,59.1,80.9,0,0,0,10,0.0,0,0,0,108.3,1,0,13,0,23,53,2,0,0,2,0,29,51,0,30,9,1,4,1,0,0,10,0,10.0
Harrison Smith,7641,S,MIN,1,1,0,100.0,0,0,18,61.9,70.9,77.5,79.7,74.2,81.8,1,0,0,9,0.0,0,0,0,104.2,1,0,16,1,44,72,2,0,0,2,0,41,70,2,26,12,1,4,1,1,0,9,4,9.0
Josh Norman,7649,CB,SF,1,1,0,57.1,0,0,28,38.7,41.6,78.4,,57.9,49.7,0,0,0,16,20.0,1,0,0,114.3,4,0,5,63,45,69,1,0,0,1,0,0,68,0,24,0,0,3,7,0,1,42,13,10.5
Sheldon Richardson,7794,DI,MIN,1,0,0,,0,0,18,,54.3,15.5,50.3,70.0,72.4,0,3,0,,0.0,0,0,1,0.0,0,0,0,0,0,62,62,8,9,37,8,0,0,40,22,0,1,3,0,3,0,0,0,
Star Lotulelei,7795,DI,BUF,1,0,0,,0,0,4,,34.2,76.1,60.0,38.0,19.6,0,0,0,,100.0,1,0,0,0.0,0,0,0,0,0,27,27,0,27,0,0,0,0,1,26,0,0,0,0,0,0,0,0,
Xavier Rhodes,7806,CB,IND,1,0,0,0.0,0,0,14,85.8,84.4,75.9,,62.8,72.8,0,0,0,,0.0,0,1,0,39.6,0,0,2,28,20,30,0,0,0,0,0,0,30,0,10,0,0,1,3,0,0,0,0,
Alec Ogletree,7811,LB,CHI,1,0,0,100.0,1,0,6,28.6,29.4,75.5,60.0,66.4,26.3,0,0,0,4,50.0,1,0,1,83.3,1,0,19,0,12,23,1,0,0,1,0,0,22,1,10,3,1,1,1,0,0,4,0,4.0
Darius Slay,7817,CB,PHI,1,1,0,50.0,0,0,24,77.3,75.6,77.6,,58.2,78.9,0,0,0,18,0.0,0,1,0,70.1,3,0,3,56,42,59,0,0,0,0,0,0,59,0,17,0,0,4,6,0,0,38,7,12.7
Kevin Minter,7826,LB,TB,1,0,0,,0,0,30,62.1,79.8,64.5,60.0,60.0,,0,1,0,,,0,0,0,0.0,0,0,4,0,2,4,0,0,0,0,0,0,4,1,1,0,0,0,0,1,0,0,0,
Johnathan Hankins,7830,DI,LV,1,0,0,,0,0,23,,30.0,77.9,51.1,29.8,19.6,0,0,0,,100.0,1,0,0,0.0,0,0,0,0,0,37,37,7,30,0,0,0,0,20,17,0,0,0,0,0,0,0,0,
Jamie Collins Sr.,7833,LB,NE,1,0,0,,0,0,19,63.4,51.1,72.8,51.9,53.2,,0,1,0,,,0,0,0,0.0,0,0,9,0,6,15,5,0,0,5,0,0,10,5,4,1,0,0,0,1,0,0,0,
Margus Hunt,7834,DI,CHI,1,0,0,,0,0,6,60.0,56.7,74.5,53.9,58.2,67.3,0,0,0,,0.0,0,0,0,0.0,0,0,0,0,0,19,18,0,11,1,6,0,1,4,15,0,0,1,0,0,0,0,0,
Robert Alford,7841,CB,ARZ,1,0,0,75.0,0,0,1,62.3,58.2,77.3,,38.8,24.3,0,0,0,24,66.7,2,0,0,108.3,3,0,2,53,40,56,0,0,0,0,0,0,56,0,16,1,0,1,4,0,0,42,13,14.0
Tyrann Mathieu,7850,S,KC,1,0,0,100.0,0,0,16,60.7,61.4,76.5,58.4,61.7,84.0,1,0,0,19,0.0,0,0,0,110.4,4,0,42,2,48,77,2,0,0,2,0,23,75,1,28,8,2,8,4,1,0,42,22,10.5
Logan Ryan,7864,S,NYG,1,2,0,50.0,0,0,21,60.5,65.6,76.8,56.6,77.8,82.2,0,1,0,5,0.0,0,0,0,56.3,1,0,10,2,45,69,1,0,0,1,0,29,68,0,24,27,2,5,2,1,0,5,0,5.0
Duron Harmon,7872,S,ATL,1,0,0,75.0,0,0,2,42.4,39.6,76.2,55.3,62.2,78.9,0,0,0,11,0.0,0,0,1,122.9,3,0,11,0,46,65,0,0,0,0,0,50,65,2,17,4,0,3,4,0,1,18,5,6.0
Brandon Williams,7875,DI,BLT,1,3,0,,0,0,3,60.0,64.4,78.3,53.8,65.6,72.1,0,0,0,,0.0,0,0,0,0.0,0,0,0,0,0,35,35,26,9,0,0,0,0,14,21,0,4,7,0,0,0,0,0,
Alex Okafor,7885,ED,KC,1,1,1,,0,0,16,,66.3,79.5,65.1,61.0,71.4,0,1,0,,0.0,0,0,0,0.0,0,0,0,0,0,34,34,0,0,32,2,0,0,20,14,0,0,1,0,1,0,0,0,
William Gholston,7908,DI,TB,1,3,0,,0,0,30,60.0,64.7,76.1,77.3,56.3,72.3,2,1,0,,0.0,0,0,0,0.0,0,0,0,0,1,33,33,0,22,1,10,0,0,15,17,0,1,3,0,3,0,0,0,
Steven Means,7929,ED,ATL,1,2,0,,0,0,2,63.4,65.1,77.7,48.4,79.3,75.4,0,0,0,,0.0,0,0,0,0.0,0,0,1,0,3,43,42,0,0,42,0,0,1,28,12,0,2,3,0,0,0,0,0,
Micah Hyde,7941,S,BUF,1,0,0,,0,0,4,60.2,44.6,73.7,59.1,41.9,31.8,0,0,0,,25.0,1,0,0,0.0,0,0,14,0,2,51,2,0,0,2,0,29,49,1,48,6,1,3,0,0,0,0,0,
Jordan Poyer,8000,S,BUF,1,1,0,,0,0,4,65.1,73.4,74.5,,70.6,42.9,0,0,0,,11.1,1,0,0,0.0,0,0,18,0,3,51,12,0,0,12,0,17,39,0,48,4,4,7,0,0,0,0,0,
Nick Williams,8006,DI,DET,1,0,0,,0,0,11,,69.6,74.5,68.6,60.5,69.1,0,1,0,,0.0,0,0,0,0.0,0,0,0,0,0,21,21,2,11,0,8,0,0,17,4,0,0,1,0,1,0,0,0,
Damion Square,8042,DI,LV,1,0,0,,0,0,23,,33.6,74.5,54.5,38.2,66.8,0,0,0,,0.0,0,0,0,0.0,0,0,0,0,0,17,17,2,15,0,0,0,0,6,11,0,0,1,0,0,0,0,0,
Jahleel Addae,8117,S,IND,1,0,0,,0,0,14,61.4,61.2,69.5,59.0,,,1,0,0,,,0,0,0,0.0,0,0,0,0,6,7,1,0,0,1,0,6,6,1,0,0,0,0,0,1,0,0,0,
Lerentee McCray,8159,ED,JAX,1,0,0,100.0,0,0,15,44.8,41.7,69.9,,60.0,70.5,0,0,0,3,0.0,0,0,0,79.2,1,0,0,0,3,4,3,0,0,3,0,0,1,0,1,1,1,1,1,0,0,3,0,3.0
Benson Mayowa,8196,ED,SEA,1,2,0,,0,0,29,64.6,69.7,76.1,56.4,68.9,73.6,0,0,0,,0.0,0,0,0,0.0,0,0,2,0,8,33,30,0,0,30,0,0,3,4,21,1,1,1,0,0,0,0,0,
Brandon Copeland,8378,ED,ATL,1,1,0,,0,0,2,76.0,54.8,77.9,48.7,53.2,74.2,0,0,0,,0.0,0,0,0,0.0,0,0,0,0,1,37,35,0,0,35,0,0,2,22,14,2,1,2,0,0,0,0,0,
Chris Banjo,8419,S,ARZ,1,0,0,,0,0,1,60.0,60.8,61.5,,,,0,0,0,,,0,0,0,0.0,0,0,1,0,1,1,0,0,0,0,0,0,1,0,0,0,0,0,0,0,0,0,0,
Aaron Donald,8648,DI,LA,1,0,0,,0,1,26,,95.8,77.5,91.4,95.1,72.9,0,5,0,,0.0,0,0,0,0.0,0,2,0,0,0,52,52,0,18,6,28,0,0,34,18,0,4,3,0,7,0,0,0,
Kyle Fuller,8649,CB,DEN,1,0,0,0.0,0,0,10,71.6,70.7,75.3,60.0,62.8,,0,0,0,,,0,1,0,39.6,0,0,6,1,33,49,1,0,0,1,0,0,48,1,15,41,0,0,1,0,0,0,0,
C.J. Mosley,8652,LB,NYJ,1,1,0,100.0,0,0,22,45.9,46.8,0.0,54.9,62.9,67.5,0,0,0,36,7.1,1,0,1,158.3,4,0,69,0,29,71,1,0,0,1,0,0,70,2,40,1,4,12,4,0,1,62,35,15.5
Jimmie Ward,8665,S,SF,1,2,0,100.0,0,0,28,72.8,77.2,77.6,60.0,68.2,81.6,0,0,0,7,0.0,0,0,0,91.7,2,0,13,0,44,70,0,0,0,0,0,45,70,1,25,12,1,3,2,0,0,12,13,6.0
Bradley Roby,8666,CB,NO,1,0,1,71.4,0,0,20,54.4,53.5,0.0,76.1,61.3,26.9,0,0,0,41,50.0,1,1,1,150.6,5,0,3,19,28,39,0,0,0,0,0,0,39,2,9,17,1,1,7,0,1,83,40,16.6
Demarcus Lawrence,8669,ED,DAL,1,1,1,,0,0,9,61.2,86.1,79.3,69.7,80.0,70.5,1,5,0,,0.0,0,0,0,0.0,0,0,3,0,0,37,34,0,6,26,2,0,3,29,8,0,1,1,0,6,0,0,0,
Kyle Van Noy,8675,LB,NE,1,0,1,,0,0,19,61.5,66.5,77.9,63.4,63.7,70.5,1,3,0,,50.0,1,0,0,0.0,0,0,3,0,7,45,41,0,0,41,0,0,4,23,15,1,1,1,0,4,0,0,0,
Christian Kirksey,8706,LB,HST,1,1,0,66.7,0,0,13,80.4,59.3,77.1,72.4,39.5,56.3,1,0,0,13,12.5,1,1,0,76.4,4,0,58,0,17,62,0,0,0,0,0,0,62,8,37,4,2,6,6,1,0,27,17,6.8
Bashaud Breeland,8737,CB,MIN,1,1,0,77.8,0,1,18,39.4,50.4,78.2,,90.8,55.9,0,0,0,28,12.5,1,1,1,147.7,7,0,4,65,46,72,2,0,0,2,0,0,70,0,26,1,2,6,9,0,1,95,42,13.6
Justin Ellis,8742,DI,BLT,1,0,0,,0,0,3,,59.2,72.9,56.1,60.0,,0,0,0,,,0,0,0,0.0,0,0,0,0,0,9,9,9,0,0,0,0,0,7,2,0,0,0,0,0,0,0,0,
Cassius Marsh,8743,ED,CHI,1,0,0,,0,0,6,,53.2,74.8,61.6,51.2,24.8,0,0,0,,100.0,1,0,0,0.0,0,0,0,0,0,18,18,0,1,17,0,0,0,8,10,0,0,0,0,0,0,0,0,
Ross Cockrell,8744,CB,TB,1,1,0,100.0,0,0,30,58.4,59.7,76.2,,60.0,79.1,0,0,0,10,0.0,0,0,0,108.3,1,0,1,1,17,19,0,0,0,0,0,12,19,0,2,5,0,2,1,0,0,10,5,10.0
Anthony Hitchens,8754,LB,KC,1,1,0,,0,0,16,55.2,45.4,0.0,57.8,56.8,27.7,0,0,0,,20.0,1,0,1,0.0,0,0,40,0,16,41,0,0,0,0,0,0,41,2,23,1,2,3,0,0,0,0,0,
Pierre Desir,8762,CB,TB,1,0,0,100.0,0,1,30,89.5,88.5,75.0,,60.0,78.1,0,0,0,17,0.0,0,0,0,111.1,3,0,1,23,21,24,0,0,0,0,0,0,24,0,3,0,1,4,3,0,0,32,9,10.7
Dontae Johnson,8764,CB,SF,1,1,0,100.0,0,0,28,74.9,68.4,0.0,,62.4,76.7,0,0,0,17,0.0,0,0,1,98.6,3,0,4,31,25,41,1,0,0,1,0,2,40,0,16,2,1,2,3,0,0,23,1,7.7
Kevin Pierre-Louis,8767,LB,HST,1,2,0,,0,0,13,63.8,79.1,71.6,,75.5,75.7,0,0,0,,25.0,1,0,0,0.0,0,0,15,0,4,22,3,0,0,3,0,0,19,0,18,4,0,1,0,0,0,0,0,
Nevin Lawson,8768,CB,JAX,1,0,0,87.5,0,0,15,44.6,51.2,77.5,57.2,77.9,54.4,0,0,0,19,12.5,1,0,0,130.2,7,0,6,55,40,68,2,0,0,2,0,0,66,1,27,5,2,7,8,0,2,46,12,6.6
Ricardo Allen,8782,S,CIN,1,0,0,,0,0,7,62.2,62.8,67.0,,,,0,0,0,,,0,0,0,0.0,0,0,1,0,3,3,0,0,0,0,0,0,3,0,0,2,0,0,0,0,0,0,0,
Chris Smith,8794,ED,HST,1,0,0,,0,0,13,,60.6,77.7,62.0,58.0,,0,0,0,,,0,0,0,0.0,0,0,0,0,0,21,21,0,0,19,2,0,0,6,15,0,0,0,0,0,0,0,0,
Devon Kennard,8809,ED,ARZ,1,0,0,,0,0,1,60.0,36.4,74.8,42.7,48.6,28.9,0,1,0,,50.0,1,0,0,0.0,0,0,1,0,1,18,17,0,0,17,0,0,1,10,7,0,1,1,0,1,0,0,0,
T.J. Carrie,8853,CB,IND,1,0,0,100.0,0,0,14,78.4,76.0,71.6,56.3,,74.8,0,0,0,5,0.0,0,0,0,81.3,2,0,0,0,5,7,1,0,0,1,0,0,6,2,0,6,1,2,2,0,0,7,7,3.5
Shamar Stephen,8854,DI,DEN,1,1,0,,0,0,10,,35.2,75.1,52.1,39.7,69.0,0,1,0,,33.3,1,0,0,0.0,0,0,0,0,0,22,22,0,17,0,5,0,0,10,12,0,0,1,0,1,0,0,0,
Shelby Harris,8869,DI,DEN,1,2,0,,0,0,10,60.0,41.2,75.8,48.9,45.5,29.9,0,0,0,,25.0,1,0,0,0.0,0,0,0,0,0,34,34,0,25,1,8,0,0,21,13,0,0,1,0,0,0,0,0,
Terrance Mitchell,8888,CB,HST,1,0,0,80.0,0,0,13,38.8,38.5,78.6,60.0,43.0,53.8,0,1,0,17,14.3,1,0,0,106.7,4,0,1,55,24,62,4,0,0,4,0,0,58,1,37,2,1,6,5,1,0,48,10,12.0
Shaquil Barrett,9000,ED,TB,1,0,0,100.0,0,0,30,57.5,53.4,78.1,60.5,46.3,29.2,1,1,0,2,25.0,1,0,0,79.2,1,0,1,0,5,54,52,0,0,52,0,0,2,34,15,1,2,3,1,2,0,2,0,2.0
Christian Jones,9020,LB,CHI,1,2,0,,0,0,6,42.8,69.1,87.2,60.0,80.9,28.7,0,0,0,,33.3,1,0,0,0.0,0,0,11,0,3,13,1,0,0,1,0,0,12,1,9,0,0,0,0,0,0,0,0,
Kerry Hyder,9045,ED,SEA,1,0,0,,0,0,29,,34.0,75.5,59.5,32.7,66.8,0,1,0,,0.0,0,0,0,0.0,0,0,0,0,0,21,21,0,7,7,7,0,0,10,11,0,1,1,0,1,0,0,0,
Adrian Phillips,9177,S,NE,1,0,0,33.3,0,0,19,78.1,76.9,76.6,,62.9,59.2,0,0,0,11,16.7,1,2,0,42.4,2,0,20,5,37,57,10,0,0,10,0,4,47,0,20,18,2,5,6,0,0,16,7,8.0
Zach Kerr,9195,DI,ARZ,1,0,0,,0,0,1,,76.5,72.4,68.3,68.6,68.1,0,0,0,,0.0,0,0,0,0.0,0,0,0,0,0,12,12,1,6,0,5,0,0,6,6,0,0,1,0,0,0,0,0,
Daniel Sorensen,9253,S,KC,1,0,0,,0,0,16,79.8,70.8,74.5,53.7,38.4,78.9,0,0,1,,0.0,0,0,0,0.0,0,0,21,1,29,39,5,0,0,5,0,7,34,3,7,5,0,2,0,0,0,0,0,
K'Waun Williams,9332,CB,SF,1,0,0,75.0,0,1,28,70.7,74.7,76.4,50.6,83.9,77.1,0,2,1,12,0.0,0,0,0,51.0,3,0,15,0,38,69,3,0,0,3,0,0,66,7,24,51,2,4,4,2,0,25,7,8.3
Dante Fowler Jr.,9436,ED,ATL,1,0,0,,0,0,2,51.7,57.2,75.8,54.7,66.0,37.7,0,1,0,,33.3,1,0,0,0.0,0,0,0,1,1,33,31,0,0,30,1,0,2,29,3,1,1,2,0,1,0,0,0,
Leonard Williams,9439,DI,NYG,1,1,0,,0,0,21,62.3,68.7,0.0,70.3,62.1,39.8,0,2,0,,20.0,1,0,1,0.0,0,0,0,0,0,50,50,2,22,13,13,0,0,37,13,0,3,3,0,2,0,0,0,
Danny Shelton,9445,DI,NYG,1,1,0,,0,0,21,,68.4,73.6,55.3,69.8,66.8,0,0,0,,0.0,0,0,0,0.0,0,0,0,0,0,16,16,6,10,0,0,0,0,8,8,0,0,0,0,0,0,0,0,
Arik Armstead,9450,DI,SF,1,0,0,,0,0,28,60.0,61.5,78.5,72.3,54.2,27.5,0,4,0,,40.0,2,0,0,0.0,0,1,1,0,0,55,54,0,34,3,17,0,1,35,20,0,4,3,0,5,0,0,0,
Byron Jones,9460,CB,MIA,1,1,0,62.5,0,0,17,67.8,68.7,78.0,,67.2,79.1,0,0,0,20,0.0,0,0,0,78.6,5,0,5,56,48,65,0,0,0,0,0,0,65,0,17,4,1,5,8,0,0,47,22,9.4
Malcom Brown,9465,DI,JAX,1,0,0,,0,0,15,60.0,42.3,77.5,58.3,46.0,28.2,0,0,0,,0.0,0,0,0,0.0,0,0,0,0,0,39,39,15,24,0,0,0,0,24,15,0,0,2,0,0,0,0,0,
Eddie Goldman,9472,DI,CHI,1,0,0,,0,0,6,,54.3,73.6,66.7,51.0,22.9,0,1,0,,100.0,1,0,0,0.0,0,0,0,0,0,14,14,2,11,1,0,0,0,5,9,0,0,0,0,1,0,0,0,
Benardrick McKinney,9476,LB,NYG,1,1,0,,0,0,21,66.3,79.3,70.5,,77.3,73.2,0,0,0,,0.0,0,0,0,0.0,0,0,24,0,12,24,0,0,0,0,0,0,24,0,12,0,0,0,0,0,0,0,0,
Jaquiski Tartt,9479,S,SF,1,0,0,100.0,0,0,28,64.5,71.7,75.0,,73.0,45.6,0,0,0,5,20.0,1,0,0,81.9,3,0,12,1,22,35,2,0,0,2,0,17,33,0,13,3,3,4,3,0,0,11,6,3.7
Eric Rowe,9480,S,MIA,1,2,0,85.7,0,0,17,63.1,67.0,76.6,53.6,74.9,56.1,0,1,0,18,12.5,1,0,0,93.5,6,0,24,3,46,65,1,0,0,1,0,5,64,2,17,32,4,5,7,1,0,45,20,7.5
Denzel Perryman,9481,LB,LV,1,1,0,80.0,0,0,23,56.7,61.9,74.9,67.7,64.0,81.9,1,0,0,10,0.0,0,0,0,90.8,4,0,31,1,27,47,1,0,0,1,0,1,46,1,19,13,6,11,5,1,0,29,13,7.3
Ronald Darby,9483,CB,DEN,1,0,0,20.0,0,0,10,51.3,54.4,77.0,,66.7,48.0,0,0,0,9,0.0,0,0,0,39.6,1,0,7,48,35,57,0,0,0,0,0,0,57,0,22,2,0,2,5,0,0,9,8,9.0
Jordan Phillips,9485,DI,ARZ,1,1,0,,0,0,1,59.3,60.6,76.6,63.1,59.1,25.4,0,2,0,,33.3,2,0,0,0.0,0,0,0,0,1,39,39,1,33,0,5,0,0,22,16,0,3,3,0,2,0,0,0,
Markus Golden,9491,ED,ARZ,1,0,0,,0,0,1,63.8,56.9,78.3,57.7,53.6,27.6,0,1,0,,33.3,1,0,0,0.0,0,0,0,0,6,53,51,0,0,51,0,0,2,29,18,2,1,2,0,1,0,0,0,
Frank Clark,9496,ED,KC,1,0,0,,0,0,16,60.0,38.7,0.0,56.0,38.6,,1,1,0,,,0,0,1,0.0,0,0,0,0,1,48,48,0,0,46,2,0,0,32,15,0,0,0,0,2,0,0,0,
P.J. Williams,9511,S,NO,1,0,0,71.4,0,0,20,59.9,63.8,78.1,75.0,62.1,60.5,0,0,0,13,14.3,1,0,0,79.5,5,1,1,1,36,48,3,0,0,3,0,10,45,3,9,33,3,6,7,1,0,30,16,6.0
Jordan Hicks,9517,LB,ARZ,1,2,0,77.8,0,0,1,60.9,55.6,77.5,57.7,50.1,83.5,0,0,0,12,0.0,0,0,0,127.3,7,1,65,0,39,74,2,0,0,2,0,0,72,10,25,7,3,9,9,1,1,51,51,7.3
Carl Davis,9523,DI,NE,1,0,0,,0,0,19,,34.5,70.2,60.0,44.7,68.6,0,0,0,,0.0,0,0,0,0.0,0,0,0,0,0,5,5,5,0,0,0,0,0,1,4,0,1,1,0,0,0,0,0,
Steven Nelson,9531,CB,PHI,1,1,0,100.0,0,0,24,40.1,45.0,74.5,,65.0,72.8,0,0,0,10,0.0,0,0,0,133.3,2,0,3,23,14,26,0,0,0,0,0,0,26,0,12,0,0,0,2,0,1,13,2,6.5
Angelo Blackson,9533,DI,CHI,1,3,0,,0,0,6,60.0,68.0,77.7,58.0,67.2,71.9,0,1,0,,0.0,0,0,0,0.0,0,0,0,0,1,39,38,1,31,2,4,0,1,18,20,0,2,3,0,1,0,0,0,
Kwon Alexander,9557,LB,NO,1,1,0,66.7,0,0,20,82.3,85.6,76.9,51.4,78.4,81.8,0,0,0,4,0.0,0,0,0,70.1,2,0,41,2,32,57,10,0,0,10,0,0,47,7,18,4,7,8,3,0,0,6,11,3.0
Damien Wilson,9560,LB,JAX,1,1,0,75.0,0,0,15,27.9,28.6,74.8,51.6,56.0,42.2,0,0,0,43,20.0,1,0,0,116.7,3,0,38,0,19,43,0,0,0,0,0,0,43,5,19,5,1,3,4,0,0,85,36,28.3
Grady Jarrett,9570,DI,ATL,1,2,0,,0,0,2,60.0,57.0,77.8,68.9,41.9,35.9,1,0,0,,0.0,0,0,0,0.0,0,0,0,0,0,50,50,1,33,0,16,0,0,36,14,0,1,2,0,1,0,0,0,
Bobby McCain,9578,S,WAS,1,0,0,50.0,0,0,32,77.4,83.2,76.6,,63.1,84.5,0,0,0,34,0.0,0,2,0,82.3,2,0,3,0,45,58,0,0,0,0,0,51,58,0,13,4,2,4,4,0,0,37,25,18.5
Tyeler Davison,9587,DI,ATL,1,1,0,,0,0,2,,54.1,77.9,52.1,59.4,67.6,0,0,0,,0.0,0,0,0,0.0,0,0,0,0,0,26,26,18,8,0,0,0,0,20,6,0,0,0,0,0,0,0,0,
David Mayo,9602,LB,WAS,1,0,0,,0,0,32,,60.0,65.0,,60.0,,0,0,0,,,0,0,0,0.0,0,0,0,0,0,1,1,0,0,1,0,0,0,0,1,0,0,0,0,0,0,0,0,
Quandre Diggs,9633,S,SEA,1,1,0,100.0,0,0,29,60.4,63.7,75.6,,66.5,81.5,0,0,1,24,0.0,0,0,0,118.8,2,0,6,0,32,59,0,0,0,0,0,50,59,0,27,3,0,3,2,0,1,31,3,15.5
Christian Ringo,9643,DI,NO,1,0,0,,0,0,20,,81.4,75.5,62.8,78.7,68.6,0,0,0,,0.0,0,0,0,0.0,0,0,0,0,0,26,26,5,19,0,2,0,0,12,14,0,1,1,0,0,0,0,0,
Christian Covington,9649,DI,LAC,1,0,0,,0,1,27,,74.8,76.7,51.2,81.0,69.6,0,2,0,,0.0,0,0,0,0.0,0,0,0,0,0,40,40,7,22,0,11,0,0,20,20,0,2,2,0,2,0,0,0,
Rakeem Nunez-Roches,9650,DI,TB,1,1,0,,0,0,30,,38.1,76.4,57.2,36.1,70.7,0,0,0,,0.0,0,0,0,0.0,0,0,0,0,0,35,35,13,18,0,4,0,0,21,14,0,1,1,0,0,0,0,0,
Justin Hamilton,9732,DI,DAL,1,0,0,,0,0,9,61.2,65.4,76.9,55.5,62.7,,0,0,0,,,0,0,0,0.0,0,0,1,0,0,32,31,9,19,0,3,0,1,19,13,0,0,0,0,0,0,0,0,
Neville Hewitt,9836,LB,HST,1,0,0,,0,0,13,,58.9,71.7,,59.0,72.9,0,0,0,,0.0,0,0,0,0.0,0,0,9,0,0,10,1,0,0,1,0,0,9,0,10,0,1,2,0,0,0,0,0,
DeShawn Williams,9891,DI,DEN,1,1,1,,0,0,10,,45.6,75.5,64.7,43.9,71.3,0,0,0,,0.0,0,0,0,0.0,0,0,0,0,0,25,25,8,16,0,1,0,0,8,17,0,3,5,0,0,0,0,0,
Justin Coleman,9892,CB,MIA,1,0,0,66.7,0,0,17,52.0,53.3,71.6,,60.9,81.2,0,0,0,16,0.0,0,0,0,88.2,2,0,4,2,18,22,0,0,0,0,0,0,22,0,4,16,0,2,3,0,0,22,2,11.0
Anthony Harris,9895,S,PHI,1,1,0,33.3,0,0,24,60.6,56.9,74.5,60.0,50.0,31.0,0,0,0,1,33.3,1,0,0,81.9,1,0,16,0,31,48,3,0,0,3,0,20,45,1,16,9,0,1,3,0,1,1,0,1.0
Deshazor Everett,9940,S,WAS,1,2,0,,0,0,32,58.3,64.7,73.8,53.9,71.1,42.2,0,0,0,,25.0,1,0,0,0.0,0,0,7,0,18,26,0,0,0,0,0,16,26,2,6,3,0,1,0,0,0,0,0,
Dean Marlowe,9966,S,DET,1,0,0,100.0,0,0,11,63.3,63.8,78.9,59.1,59.9,83.3,0,0,0,11,0.0,0,0,0,104.2,2,0,22,1,45,71,2,0,0,2,0,45,69,1,25,1,1,6,2,0,0,18,6,9.0
Alex Singleton,9994,LB,PHI,1,1,0,66.7,0,0,24,37.6,47.0,73.7,,73.3,36.1,0,0,0,29,20.0,2,0,0,95.1,6,0,47,0,39,55,2,0,0,2,0,1,53,0,16,5,4,7,9,0,0,81,53,13.5
Justin March-Lillard,10065,LB,SF,1,0,0,,0,0,28,,59.9,60.0,,60.0,,0,0,0,,,0,0,0,0.0,0,0,0,0,0,1,0,0,0,0,0,0,1,0,1,0,0,0,0,0,0,0,0,
Tyrell Adams,10140,LB,SF,1,0,0,,0,0,28,,45.6,61.9,,56.7,,0,0,0,,,0,0,0,0.0,0,0,1,0,0,2,0,0,0,0,0,0,2,0,2,0,0,0,0,0,0,0,0,
Erik Harris,10346,S,ATL,1,2,0,50.0,0,0,2,67.6,69.7,76.1,59.1,65.0,77.0,0,0,0,11,0.0,0,0,0,106.3,1,0,22,4,44,60,3,0,0,3,0,21,57,1,15,10,0,0,2,0,1,11,0,11.0
Joey Bosa,10637,ED,LAC,1,0,0,,0,0,27,,48.9,72.8,53.6,55.1,,0,0,0,,,0,0,0,0.0,0,0,0,0,0,9,9,0,0,9,0,0,0,5,4,0,0,0,0,0,0,0,0,
Jalen Ramsey,10639,CB,LA,1,1,0,25.0,0,0,26,72.8,71.7,0.0,,79.4,76.8,0,0,0,12,0.0,0,1,1,39.6,1,0,7,41,35,54,0,0,0,0,0,0,54,0,19,6,0,2,4,0,0,12,0,12.0
DeForest Buckner,10641,DI,IND,1,0,0,,0,0,14,,73.5,76.0,73.4,61.0,68.7,1,1,0,,33.3,1,0,0,0.0,0,0,1,0,0,31,30,1,16,2,11,0,1,22,9,0,2,2,0,2,0,0,0,
Leonard Floyd,10643,ED,LA,1,1,0,,0,0,26,74.9,57.6,78.4,55.6,49.0,43.7,0,0,0,,33.3,1,0,0,0.0,0,1,1,0,4,48,47,0,0,47,0,0,1,29,15,0,1,1,0,1,0,0,0,
Eli Apple,10644,CB,CIN,1,0,0,0.0,0,0,7,80.4,79.6,76.9,,64.2,75.1,0,0,0,,0.0,0,0,0,39.6,0,0,7,55,43,63,0,0,0,0,0,0,63,0,20,1,1,2,3,0,0,0,0,
Vernon Hargreaves III,10645,CB,CIN,1,1,0,75.0,0,0,7,59.9,54.4,75.6,,43.9,25.4,0,0,0,10,50.0,2,0,0,89.6,3,0,3,20,19,29,2,0,0,2,0,0,27,0,10,4,1,1,4,0,0,24,35,8.0
Keanu Neal,10651,LB,DAL,1,1,0,,0,0,9,65.8,60.5,70.8,74.6,49.1,77.1,0,0,0,,0.0,0,0,0,0.0,0,1,23,0,11,23,0,0,0,0,0,0,23,1,11,0,1,2,0,1,0,0,0,
Shaq Lawson,10653,ED,NYJ,1,0,0,,0,0,22,60.0,69.1,0.3,61.5,70.5,71.2,0,2,0,,0.0,0,0,1,0.0,0,0,0,0,0,42,42,0,0,41,1,0,0,14,28,0,1,1,0,2,0,0,0,
William Jackson III,10658,CB,WAS,1,0,0,0.0,0,0,32,77.4,77.0,77.3,,62.3,72.5,0,0,0,,0.0,0,1,0,39.6,0,0,2,55,45,58,0,0,0,0,0,0,58,0,13,1,0,1,2,0,0,0,0,
Artie Burns,10659,CB,CHI,1,1,0,50.0,0,0,6,72.5,71.0,75.4,,62.3,78.3,0,0,0,14,0.0,0,1,0,72.9,1,0,7,35,18,43,1,0,0,1,0,0,42,0,25,0,1,4,2,0,0,14,0,14.0
Emmanuel Ogbah,10666,ED,MIA,1,2,0,,0,0,17,60.0,58.8,78.6,50.5,69.3,69.0,0,0,0,,0.0,0,0,0,0.0,0,0,0,0,1,38,38,0,5,24,9,0,0,27,10,0,0,0,0,0,0,0,0,
Myles Jack,10670,LB,JAX,1,3,0,50.0,0,0,15,51.9,46.2,76.2,41.3,54.6,37.3,0,1,0,27,25.0,2,0,0,95.8,1,0,47,2,31,59,9,0,1,8,0,0,50,6,22,1,1,3,2,1,0,27,15,27.0
Chris Jones,10671,DI,KC,1,1,2,,0,0,16,,68.3,77.9,69.6,58.8,25.6,1,4,0,,50.0,2,0,0,0.0,0,0,0,0,0,51,51,0,36,4,11,0,0,36,15,0,0,1,0,5,0,0,0,
Xavien Howard,10672,CB,MIA,1,0,0,0.0,0,0,17,87.9,82.0,77.9,,42.7,72.8,0,0,1,,0.0,0,0,0,0.0,0,0,3,60,48,65,0,0,0,0,0,0,65,0,17,2,0,1,2,0,0,0,0,
Reggie Ragland,10675,LB,NYG,1,1,0,100.0,0,0,21,60.6,58.5,70.6,56.8,57.7,78.4,0,0,0,9,0.0,0,0,0,94.4,3,0,30,0,19,34,2,0,0,2,0,0,32,3,12,2,2,5,3,0,0,20,12,6.7
Austin Johnson,10677,DI,NYG,1,3,0,,0,0,21,,83.3,76.5,72.8,75.7,70.3,0,0,0,,0.0,0,0,0,0.0,0,0,0,0,0,38,38,11,25,0,2,0,0,21,17,0,1,1,0,0,0,0,0,
Jihad Ward,10678,ED,JAX,1,0,0,100.0,0,0,15,60.9,38.9,75.5,53.5,38.3,36.0,0,0,0,5,33.3,1,0,0,87.5,1,0,0,0,1,23,23,0,0,22,1,0,0,11,11,0,1,2,1,0,0,5,0,5.0
A'Shawn Robinson,10680,DI,LA,1,1,0,,0,1,26,,71.2,76.2,51.8,76.9,28.4,0,0,0,,20.0,1,0,0,0.0,0,0,0,0,0,33,33,0,2,7,24,0,0,18,15,0,2,3,0,0,0,0,0,
Jarran Reed,10683,DI,KC,1,0,0,,0,1,16,,84.2,77.7,56.8,90.3,71.4,0,3,0,,0.0,0,0,0,0.0,0,0,0,0,0,44,44,10,23,0,11,0,0,27,17,0,4,5,0,3,0,0,0,
Deion Jones,10686,LB,ATL,1,1,0,70.0,0,0,2,46.7,41.2,75.4,52.2,43.7,80.9,0,0,0,36,0.0,0,2,0,131.7,7,0,55,3,45,69,10,0,0,10,0,0,59,6,18,1,3,7,10,0,1,91,40,13.0
Mackensie Alexander,10688,CB,MIN,1,1,0,66.7,0,0,18,57.5,59.9,76.2,,67.2,75.6,0,0,0,13,0.0,0,0,0,88.2,2,0,0,0,30,42,0,0,0,0,0,3,42,0,12,39,0,1,3,0,0,22,10,11.0
Sean Davis,10692,S,NE,1,0,0,,0,0,19,60.7,58.1,66.7,55.3,,,0,0,0,,,0,0,0,0.0,0,0,2,1,3,5,0,0,0,0,0,2,5,2,0,0,0,0,0,0,0,0,0,
Vonn Bell,10695,S,CIN,1,1,0,100.0,0,0,7,49.0,59.7,76.4,72.3,77.8,79.4,0,0,0,18,0.0,0,0,0,108.3,2,1,33,0,42,64,7,0,0,7,0,14,57,1,21,10,4,4,2,1,0,20,17,10.0
James Bradberry,10696,CB,NYG,1,0,0,87.5,0,0,21,42.1,45.4,78.7,,64.9,75.4,0,0,0,25,0.0,0,0,0,138.0,7,0,3,62,45,69,0,0,0,0,0,0,69,0,24,4,1,2,8,0,2,61,6,8.7
Adam Gotsis,10697,DI,JAX,1,0,0,,0,0,15,,37.5,76.6,51.8,40.7,67.6,0,0,0,,0.0,0,0,0,0.0,0,0,0,0,0,30,30,3,13,6,8,0,0,13,17,0,1,1,0,0,0,0,0,
Maliek Collins,10701,DI,HST,1,1,0,,0,0,13,,68.2,77.1,48.1,74.8,70.5,0,1,0,,20.0,1,0,0,0.0,0,0,0,0,0,41,41,0,33,0,8,0,0,17,24,0,3,3,0,1,0,0,0,
Yannick Ngakoue,10703,ED,LV,1,1,0,,0,0,23,,34.5,11.8,48.4,42.7,71.2,1,1,0,,0.0,0,0,1,0.0,0,0,0,0,0,54,54,0,0,54,0,0,0,30,24,0,0,1,0,2,0,0,0,
Kendall Fuller,10718,CB,WAS,1,0,0,77.8,0,0,32,49.9,51.5,78.0,,62.8,60.3,0,0,0,18,11.1,1,0,0,94.4,7,0,3,54,45,58,0,0,0,0,0,0,58,0,13,1,1,8,9,0,0,60,17,8.6
Nick Vigil,10721,LB,MIN,1,2,0,80.0,0,0,18,34.4,37.1,74.8,60.0,58.4,84.3,1,0,0,25,0.0,0,0,0,107.9,8,0,55,6,45,72,2,0,0,2,0,6,70,1,26,3,4,12,10,1,0,99,29,12.4
Kyler Fackrell,10722,ED,LAC,1,0,0,,0,0,27,,70.4,78.0,68.5,60.9,,1,3,0,,,0,0,0,0.0,0,0,0,0,0,51,51,0,0,51,0,0,0,36,15,0,0,0,0,4,0,0,0,
Javon Hargrave,10723,DI,PHI,1,1,0,,0,0,24,60.0,75.1,75.7,80.8,53.7,68.4,1,6,0,,0.0,0,0,0,0.0,0,1,0,0,0,37,37,8,24,0,5,0,0,26,11,0,1,0,0,8,0,0,0,
Justin Simmons,10732,S,DEN,1,0,0,0.0,0,0,10,63.5,68.1,72.7,,68.8,81.3,0,0,0,,0.0,0,0,0,39.6,0,0,17,0,35,57,0,0,0,0,0,38,57,0,22,2,1,2,1,0,0,0,0,
Joe Schobert,10733,LB,PIT,1,1,0,60.0,0,0,25,28.6,30.1,76.0,49.9,62.3,63.5,0,1,0,18,12.5,1,1,0,86.7,6,0,56,0,43,74,10,0,0,10,0,0,64,6,25,8,3,6,10,1,0,83,67,13.8
Tavon Young,10738,CB,BLT,1,0,0,,0,0,3,65.4,61.7,70.5,52.8,,,0,1,0,,,0,0,0,0.0,0,0,0,1,6,8,0,0,0,0,0,0,8,2,0,7,0,0,0,1,0,0,0,
Eric Murray,10740,S,HST,1,2,0,100.0,0,0,13,47.2,46.1,76.2,,51.7,77.4,0,0,0,12,0.0,0,0,0,134.0,3,0,23,2,25,63,15,0,0,15,0,11,48,0,38,12,0,1,3,0,1,20,9,6.7
Miles Killebrew,10745,LB,PIT,1,0,0,,0,0,25,60.8,61.6,66.1,,,,0,0,0,,,0,0,0,0.0,0,0,1,1,2,2,0,0,0,0,0,0,2,0,0,0,0,0,0,0,0,0,0,
Hassan Ridgeway,10750,DI,PHI,1,0,0,,0,0,24,,28.4,74.4,51.5,27.8,26.2,0,0,0,,50.0,1,0,0,0.0,0,0,0,0,0,22,22,3,11,0,8,0,0,16,6,0,1,1,0,0,0,0,0,
David Onyemata,10754,DI,NO,1,1,0,,0,0,20,,65.5,77.6,51.6,79.5,72.2,2,2,0,,0.0,0,0,0,0.0,0,0,0,0,0,42,42,5,17,11,9,0,0,30,12,0,1,2,0,4,0,0,0,
Ronald Blair III,10776,ED,NYJ,1,0,0,,0,0,22,60.6,52.4,79.9,42.0,63.7,26.7,0,1,0,,50.0,2,0,0,0.0,0,0,0,0,2,32,32,0,0,32,0,0,0,16,14,0,2,2,0,1,0,0,0,
Matthew Judon,10780,ED,NE,1,0,0,0.0,0,0,19,44.4,44.5,0.0,63.9,47.9,75.3,1,2,0,,0.0,0,0,1,39.6,0,1,2,0,2,49,46,0,0,46,0,0,3,30,17,1,2,2,1,4,0,0,0,
Quinton Jefferson,10781,DI,LV,1,0,0,,0,0,23,,53.4,76.8,58.4,51.6,69.2,1,1,0,,0.0,0,0,0,0.0,0,0,0,0,0,45,45,2,18,1,24,0,0,26,19,0,2,2,0,2,0,0,0,
Matt Ioannidis,10786,DI,WAS,1,1,0,,0,0,32,,69.2,76.6,60.7,71.0,68.8,0,3,0,,0.0,0,0,0,0.0,0,1,1,0,0,33,32,0,17,0,15,0,1,25,8,0,1,0,0,4,0,0,0,
D.J. Reader,10800,DI,CIN,1,0,0,,0,0,7,,72.1,77.2,70.1,64.3,,1,0,0,,,0,0,0,0.0,0,0,0,0,0,43,43,14,28,0,1,0,0,26,17,0,0,0,0,1,0,0,0,
Marqui Christian,10801,CB,CHI,1,0,0,,0,0,6,,60.0,60.0,60.0,,,0,0,0,,,0,0,0,0.0,0,0,0,0,0,1,0,0,0,0,0,0,1,1,0,0,0,0,0,0,0,0,0,
DeAndre Houston-Carson,10819,S,CHI,1,1,0,,0,0,6,64.9,68.9,92.1,55.0,66.2,74.2,0,0,0,,0.0,0,0,0,0.0,0,0,10,0,6,12,0,0,0,0,0,0,12,2,4,1,1,1,0,0,0,0,0,
Anthony Brown,10823,CB,DAL,1,1,0,57.1,0,1,9,75.5,74.5,77.5,,61.8,81.5,0,0,0,24,0.0,0,2,0,93.5,8,0,8,57,48,70,0,0,0,0,0,0,70,0,22,5,4,8,14,0,1,67,27,8.4
Kamu Grugier-Hill,10842,LB,HST,1,5,0,100.0,0,0,13,63.0,61.8,75.4,63.4,58.7,85.0,0,0,0,17,0.0,0,0,0,118.8,1,1,52,0,18,62,3,0,0,3,0,0,59,5,39,7,9,12,1,1,0,17,13,17.0
Elandon Roberts,10848,LB,MIA,1,0,0,25.0,0,0,17,87.2,90.0,73.3,56.6,72.8,41.4,0,0,0,-5,33.3,1,1,0,39.6,1,0,33,0,21,35,0,0,0,0,0,0,35,2,12,2,2,2,4,0,0,-5,-1,-5.0
Stephen Weatherly,10861,ED,DEN,1,0,0,,0,0,10,,49.7,73.5,58.0,52.9,,0,1,0,,,0,0,0,0.0,0,0,0,0,0,15,15,0,0,15,0,0,0,12,3,0,0,0,0,1,0,0,0,
Jalen Mills,10867,CB,NE,1,1,0,25.0,0,0,19,71.1,71.1,77.7,,64.3,72.8,0,0,0,14,0.0,0,1,0,81.3,1,0,7,44,37,56,0,0,0,0,0,0,56,0,19,5,0,0,4,0,1,14,2,14.0
Jayron Kearse,10878,S,DAL,1,0,0,75.0,0,0,9,64.7,69.3,74.7,54.6,74.6,81.3,0,0,1,27,0.0,0,0,0,60.4,3,0,34,5,44,69,8,0,0,8,0,10,61,3,22,12,3,8,4,0,0,34,6,11.3
Tyler Matakevich,10880,LB,BUF,1,0,0,,0,0,4,,60.0,66.9,,60.0,,0,0,0,,,0,0,0,0.0,0,0,0,0,0,2,2,0,0,2,0,0,0,0,2,0,0,0,0,0,0,0,0,
Joe Walker,10885,LB,ARZ,1,0,0,,0,0,1,62.3,68.9,65.8,,60.0,,0,0,0,,,0,0,0,0.0,0,0,3,0,2,4,0,0,0,0,0,0,4,0,2,1,0,0,0,0,0,0,0,
Mike Hilton,10898,CB,CIN,1,0,0,66.7,0,1,7,62.2,58.8,76.2,48.6,55.7,67.3,0,1,0,47,11.1,1,1,0,141.0,4,0,5,3,38,57,0,0,0,0,0,0,57,5,14,49,2,8,6,1,1,63,3,15.8
Sharrod Neasman,11050,S,NYJ,1,0,0,,0,0,22,,60.0,67.9,,60.0,,0,0,0,,,0,0,0,0.0,0,0,0,0,0,4,0,0,0,0,0,4,4,0,4,0,0,0,0,0,0,0,0,
Michael Pierce,11101,DI,MIN,1,0,0,,0,0,18,,70.0,77.0,65.7,65.6,69.2,0,2,0,,0.0,0,0,0,0.0,0,0,0,0,0,32,32,9,22,0,1,0,0,17,15,0,1,2,0,2,0,0,0,
Cory Littleton,11190,LB,LV,1,2,0,50.0,0,0,23,54.0,58.5,72.7,,63.6,80.4,0,0,0,23,0.0,0,0,0,91.7,1,0,22,0,12,23,1,0,0,1,0,0,22,0,11,0,1,4,2,0,0,23,9,23.0
Andrew Adams,11240,S,TB,1,2,0,50.0,0,0,30,57.6,60.1,74.7,54.4,69.0,52.7,0,0,0,6,16.7,1,0,0,56.3,1,0,18,2,34,58,2,0,0,2,0,27,56,4,20,9,1,3,2,0,0,6,5,6.0
Dont'e Deayon,11242,CB,LA,1,0,0,100.0,0,0,26,45.0,48.2,74.9,59.8,65.6,29.8,0,0,0,28,33.3,1,0,0,115.6,4,0,4,12,28,42,0,0,0,0,0,0,42,1,13,26,1,2,4,0,0,47,29,11.8
Antwaun Woods,11332,DI,IND,1,1,0,,0,0,14,60.0,72.0,72.5,55.5,70.3,68.7,0,0,0,,0.0,0,0,0,0.0,0,0,0,0,0,10,10,0,10,0,0,0,0,7,3,0,0,1,0,0,0,0,0,
Roy Robertson-Harris,11341,DI,JAX,1,1,0,,0,0,15,60.0,30.1,0.0,56.0,43.5,69.0,0,1,0,,0.0,0,0,2,0.0,0,0,0,0,0,38,38,2,24,3,9,0,0,26,12,0,0,0,0,1,0,0,0,
Antonio Hamilton,11353,CB,ARZ,1,0,0,100.0,0,0,1,67.8,65.7,71.1,55.8,60.0,75.8,0,0,0,7,0.0,0,0,0,95.8,1,0,0,0,9,13,0,0,0,0,0,0,13,2,2,13,0,1,1,0,0,7,2,7.0
Solomon Thomas,11758,DI,LV,1,1,0,,0,0,23,63.6,56.9,75.9,52.7,52.6,26.9,1,0,0,,25.0,1,0,0,0.0,0,0,0,0,1,33,33,0,16,1,16,0,0,19,13,0,2,2,0,1,0,0,0,
Jamal Adams,11761,S,SEA,1,2,0,50.0,0,0,29,27.4,28.9,75.1,59.1,74.4,23.8,0,0,0,28,20.0,1,0,0,82.3,2,0,9,1,12,27,5,0,0,5,0,8,22,1,14,4,1,2,4,0,0,37,28,18.5
Marshon Lattimore,11766,CB,NO,1,1,0,60.0,0,0,20,79.2,79.4,79.0,,68.8,80.6,0,0,1,17,0.0,0,2,0,33.3,6,0,4,58,47,69,0,0,0,0,0,0,69,0,22,7,2,6,10,0,0,50,7,8.3
Derek Barnett,11769,ED,PHI,1,1,0,,0,0,24,60.0,37.5,78.1,51.8,33.2,25.4,0,2,0,,50.0,1,0,0,0.0,0,0,0,0,1,40,40,0,0,40,0,0,0,28,11,0,0,0,0,2,0,0,0,
Malik Hooker,11770,S,DAL,1,1,0,,0,0,9,54.9,59.0,75.2,,68.0,27.9,0,0,0,,50.0,1,0,0,0.0,0,0,7,0,17,26,4,0,0,4,0,15,22,0,9,0,0,0,0,0,0,0,0,
Marlon Humphrey,11771,CB,BLT,1,0,0,80.0,0,0,3,42.7,40.8,77.8,60.0,41.2,51.5,0,0,0,14,25.0,1,0,0,137.9,4,0,1,15,32,57,1,0,0,1,0,0,56,1,24,40,0,3,5,0,1,38,17,9.5
Jonathan Allen,11772,DI,WAS,1,0,0,,0,0,32,,64.7,75.3,68.5,54.0,69.2,0,1,0,,0.0,0,0,0,0.0,0,1,0,0,0,31,31,4,14,0,13,0,0,24,7,0,2,1,0,2,0,0,0,
Jarrad Davis,11776,LB,NYJ,1,0,0,100.0,0,0,22,49.7,55.7,64.2,,69.7,76.4,0,0,0,12,0.0,0,0,0,116.7,1,0,6,0,1,6,0,0,0,0,0,0,6,0,5,0,2,3,1,0,0,12,10,12.0
Charles Harris,11777,ED,DET,1,0,0,,0,1,11,60.0,78.5,7.5,89.9,52.4,41.9,2,3,0,,100.0,1,0,1,0.0,0,2,0,0,1,53,53,0,0,53,0,0,0,39,13,0,2,0,0,7,0,0,0,
Taco Charlton,11783,ED,PIT,1,0,0,,0,0,25,61.8,55.4,76.6,60.2,51.6,24.0,0,1,0,,100.0,1,0,0,0.0,0,0,2,0,4,22,20,0,0,20,0,0,2,6,12,0,0,0,0,1,0,0,0,
T.J. Watt,11785,ED,PIT,1,1,0,100.0,0,1,25,64.2,83.5,13.0,84.9,71.3,58.5,2,5,0,8,25.0,1,0,1,100.0,1,4,6,0,9,64,58,0,0,58,0,0,6,35,20,0,4,2,1,11,0,8,9,8.0
Budda Baker,11791,S,ARZ,1,2,0,50.0,0,0,1,62.3,55.6,76.7,52.3,46.0,29.6,0,0,1,2,16.7,1,0,0,16.7,1,0,19,1,32,59,2,0,0,2,0,28,57,5,22,9,1,3,2,0,0,2,5,2.0
Marcus Williams,11797,S,NO,1,0,0,66.7,0,0,20,62.0,51.5,78.4,,31.0,79.0,0,0,0,25,0.0,0,1,0,93.8,2,0,6,0,47,70,1,0,0,1,0,61,69,0,23,2,1,3,3,0,0,26,0,13.0
Sidney Jones,11798,CB,SEA,1,0,0,66.7,0,0,29,63.0,66.3,76.5,,73.3,76.6,0,0,0,18,0.0,0,1,0,95.1,2,0,3,45,28,50,0,0,0,0,0,1,50,0,22,1,1,3,3,0,0,27,6,13.5
Tyus Bowser,11802,ED,BLT,1,1,0,100.0,0,0,3,36.2,48.1,78.3,55.2,60.5,29.3,0,1,0,7,25.0,1,0,0,95.8,1,0,0,0,10,54,53,0,0,53,0,0,1,21,23,1,1,2,1,1,0,7,5,7.0
Dalvin Tomlinson,11810,DI,MIN,1,1,0,,0,0,18,,74.8,76.6,58.8,75.6,68.4,0,0,0,,0.0,0,0,0,0.0,0,0,0,0,0,35,35,0,35,0,0,0,0,18,17,0,1,1,0,0,0,0,0,
Chidobe Awuzie,11815,CB,CIN,1,0,0,66.7,0,0,7,72.8,72.6,76.0,,62.3,76.8,0,0,1,41,0.0,0,1,0,58.3,4,0,2,36,28,38,0,0,0,0,0,0,38,0,10,0,1,3,6,0,0,58,19,14.5
Larry Ogunjobi,11820,DI,CIN,1,1,0,,0,0,7,,35.9,77.4,64.5,27.7,69.2,1,1,0,,50.0,1,0,0,0.0,0,1,0,0,0,51,51,7,33,0,11,0,0,36,15,0,1,0,0,3,0,0,0,
Ahkello Witherspoon,11821,CB,PIT,1,0,0,60.0,0,0,25,59.6,56.6,78.0,,42.2,27.3,0,0,0,22,37.5,3,1,0,82.9,3,0,1,66,45,68,0,0,0,0,0,1,68,0,23,0,2,5,5,0,0,37,12,12.3
Dawuane Smoot,11823,ED,JAX,1,0,1,,0,0,15,,59.8,78.4,62.7,53.6,74.2,0,2,0,,0.0,0,0,0,0.0,0,1,0,0,0,42,42,0,2,39,1,0,0,29,13,0,3,4,0,3,0,0,0,
Jordan Willis,11828,ED,SF,1,1,0,,0,0,28,,70.7,75.7,63.1,67.1,71.5,0,0,0,,0.0,0,0,0,0.0,0,1,0,0,0,13,13,0,1,11,1,0,0,8,5,0,1,1,0,1,0,0,0,
Chris Wormley,11829,DI,PIT,1,0,0,,0,0,25,,65.2,78.7,61.3,63.8,73.8,0,3,0,,0.0,0,0,0,0.0,0,3,0,0,0,55,55,6,16,6,27,0,0,35,20,0,4,2,0,6,0,0,0,
Duke Riley,11830,LB,MIA,1,0,0,0.0,0,0,17,59.0,58.7,75.0,63.4,56.2,76.9,0,1,0,,0.0,0,0,0,39.6,0,0,25,0,22,33,5,0,0,5,0,0,28,4,7,3,1,3,2,1,0,0,0,
Alex Anzalone,11831,LB,DET,1,1,0,80.0,0,0,11,55.9,48.7,76.1,52.9,47.2,63.0,0,0,0,19,16.7,1,1,0,105.0,4,0,68,1,42,76,2,0,0,2,0,1,74,5,29,4,0,4,5,0,0,46,37,11.5
Tarell Basham,11835,ED,DAL,1,1,0,,0,0,9,,58.0,77.5,56.0,60.8,73.6,1,1,0,,0.0,0,0,0,0.0,0,0,2,0,0,36,34,0,0,34,0,0,2,25,11,0,1,2,0,2,0,0,0,
Fabian Moreau,11836,CB,ATL,1,0,0,83.3,0,0,2,65.0,64.8,78.8,56.0,61.3,79.9,0,1,0,15,0.0,0,0,0,97.9,5,0,1,58,48,62,0,0,0,0,0,0,62,2,12,3,2,6,6,1,0,45,14,9.0
Derek Rivers,11838,ED,HST,1,0,0,,0,0,13,,48.6,79.2,53.5,50.3,71.4,0,0,0,,0.0,0,0,0,0.0,0,0,0,0,0,30,30,0,0,28,2,0,0,7,23,0,2,2,0,0,0,0,0,
Jourdan Lewis,11846,CB,DAL,1,0,0,50.0,0,0,9,56.3,55.5,75.9,66.7,46.4,28.8,0,1,0,25,40.0,2,0,0,67.7,2,0,11,5,44,58,1,0,0,1,0,0,57,1,13,41,2,3,4,1,0,23,14,11.5
Montravius Adams,11848,DI,PIT,1,0,1,,0,0,25,60.0,60.6,0.0,79.5,57.1,70.7,0,1,0,,0.0,0,0,1,0.0,0,0,0,0,0,34,34,25,9,0,0,0,0,15,19,0,2,2,0,1,0,0,0,
Cameron Sutton,11850,CB,PIT,1,0,0,50.0,0,0,25,60.0,58.5,80.0,39.2,65.2,56.5,0,1,0,5,20.0,1,0,0,56.3,1,0,5,63,48,74,5,0,0,5,0,0,69,1,25,1,1,4,2,1,0,5,0,5.0
Trey Hendrickson,11858,ED,CIN,1,1,0,100.0,0,0,7,61.4,68.5,79.5,64.8,63.1,74.3,1,3,0,7,0.0,0,0,0,95.8,1,1,0,0,2,41,41,0,0,39,2,0,0,29,10,0,1,1,1,5,0,7,6,7.0
Vince Biegel,11863,ED,MIA,1,1,0,,0,0,17,60.0,73.2,66.9,,63.7,70.5,0,0,0,,0.0,0,0,0,0.0,0,0,0,0,1,2,2,0,0,2,0,0,0,0,1,0,0,0,0,0,0,0,0,
Jaleel Johnson,11864,DI,HST,1,0,0,,0,0,13,62.2,27.9,77.7,62.8,26.1,28.3,0,0,0,,33.3,1,0,0,0.0,0,0,0,0,0,30,30,12,18,0,0,0,0,10,20,0,1,2,0,0,0,0,0,
Eddie Jackson,11867,S,CHI,1,1,0,,0,0,6,71.9,66.8,76.3,,52.7,79.4,0,0,0,,0.0,0,0,0,0.0,0,0,24,0,23,53,3,0,0,3,0,10,50,0,30,16,1,3,0,0,0,0,0,
Rayshawn Jenkins,11868,S,JAX,1,1,0,40.0,0,0,15,46.9,49.7,76.4,55.8,66.1,60.2,0,0,0,22,14.3,1,0,0,57.1,2,0,34,2,38,68,10,0,0,10,0,14,58,3,27,8,3,5,5,0,0,26,6,13.0
Samson Ebukam,11880,ED,SF,1,1,0,,0,0,28,60.0,65.4,81.3,57.4,68.3,72.4,0,1,0,,0.0,0,0,0,0.0,0,0,1,0,0,43,42,0,1,41,0,0,1,29,14,0,2,2,0,1,0,0,0,
Deatrich Wise Jr.,11886,ED,NE,1,0,0,,0,0,19,,51.7,76.6,43.1,66.9,27.3,0,1,0,,50.0,1,0,0,0.0,0,0,0,0,0,25,25,0,7,12,6,0,0,17,8,0,1,1,0,1,0,0,0,
Carlos Watkins,11897,DI,DAL,1,1,0,,0,0,9,,66.4,76.4,91.2,34.5,69.8,0,0,1,,0.0,0,0,0,0.0,0,0,1,0,0,28,27,6,20,1,0,0,1,18,10,0,0,1,0,0,0,0,0,
Grover Stewart,11899,DI,IND,1,1,0,,0,0,14,60.0,53.3,77.1,60.8,50.0,23.1,1,0,0,,50.0,1,0,0,0.0,0,0,0,0,0,26,26,17,9,0,0,0,0,15,11,0,0,0,0,1,0,0,0,
Damontae Kazee,11904,S,DAL,1,0,0,0.0,0,0,9,69.9,63.6,76.8,,37.9,27.9,0,0,1,,50.0,2,0,0,0.0,0,0,9,0,47,69,0,0,0,0,0,59,69,0,22,1,0,2,3,0,0,0,0,
Desmond King II,11906,CB,HST,1,2,0,66.7,0,0,13,70.9,55.9,79.0,,28.7,80.7,0,0,0,14,0.0,0,0,0,88.2,2,0,4,54,25,64,3,0,0,3,0,0,61,0,39,3,1,5,3,0,0,22,0,11.0
Nate Hairston,11913,CB,DEN,1,0,0,0.0,0,0,10,45.8,38.0,64.4,,,,0,0,0,,,0,0,0,39.6,0,0,1,0,2,2,0,0,0,0,0,0,2,0,0,1,0,0,1,0,0,0,0,
Matt Milano,11918,LB,BUF,1,1,0,,0,0,4,61.3,55.4,73.9,,55.3,59.9,0,0,0,,28.6,2,0,0,0.0,0,0,48,0,3,51,2,0,0,2,0,0,49,0,48,1,4,4,0,0,0,0,0,
Marquel Lee,11923,LB,LV,1,0,0,,0,0,23,,28.4,67.8,,40.2,25.6,0,0,0,,100.0,1,0,0,0.0,0,0,3,0,0,3,0,0,0,0,0,0,3,0,3,0,0,0,0,0,0,0,0,
Davon Godchaux,11934,DI,NE,1,5,0,,0,0,19,60.0,85.6,78.1,55.1,90.4,74.1,0,1,0,,0.0,0,0,0,0.0,0,0,0,0,1,45,45,30,12,0,3,0,0,28,16,0,5,5,0,1,0,0,0,
Chuck Clark,11941,S,BLT,1,1,0,66.7,0,0,3,62.8,60.6,0.0,58.0,67.4,82.4,0,0,0,5,0.0,0,1,1,70.1,2,0,24,1,30,58,7,0,0,7,0,24,51,4,24,2,1,4,3,0,0,9,14,4.5
Xavier Woods,11946,S,MIN,1,4,0,40.0,0,0,18,42.4,43.4,0.0,,75.0,86.2,0,0,0,23,0.0,0,0,1,103.3,2,0,15,0,46,72,1,0,0,1,0,46,71,0,26,10,0,4,5,0,2,34,2,17.0
Al-Quadin Muhammad,11951,ED,IND,1,0,0,,0,0,14,,63.9,78.9,59.5,64.3,73.0,1,0,0,,0.0,0,0,0,0.0,0,2,0,0,0,29,29,0,0,28,1,0,0,19,10,0,3,1,0,3,0,0,0,
D.J. Jones,11953,DI,SF,1,1,0,,0,1,28,61.5,87.2,76.8,66.6,74.0,48.5,0,3,0,,12.5,1,0,0,0.0,0,0,0,0,0,42,42,3,35,0,4,0,0,23,19,0,6,6,0,3,0,0,0,
Rudy Ford,11963,CB,JAX,1,1,0,100.0,0,0,15,55.3,55.5,77.6,62.8,51.9,79.8,0,0,0,9,0.0,0,0,0,83.3,2,1,0,2,26,47,2,0,0,2,0,0,45,6,15,43,2,3,2,1,0,8,2,4.0
Isaac Rochell,11980,ED,IND,1,0,0,,0,0,14,,61.0,76.2,51.6,68.0,71.4,1,0,0,,0.0,0,0,0,0.0,0,0,0,0,0,13,13,0,0,13,0,0,0,10,3,0,2,2,0,1,0,0,0,
Patrick O'Connor,12005,DI,TB,1,0,0,,0,0,30,,52.8,74.1,59.2,53.3,,0,0,0,,,0,0,0,0.0,0,0,1,0,0,15,14,0,6,2,6,0,1,10,5,0,0,0,0,0,0,0,0,
Michael Davis,12040,CB,LAC,1,0,0,45.5,0,0,27,56.7,58.2,78.2,,64.3,29.1,0,0,1,29,40.0,2,2,0,57.4,5,0,4,67,50,71,0,0,0,0,0,0,71,0,21,0,0,3,11,0,1,66,10,13.2
Josh Tupou,12093,DI,CIN,1,0,0,,0,0,7,,64.3,73.6,64.8,60.5,66.8,0,1,0,,0.0,0,0,0,0.0,0,0,0,0,0,17,17,2,12,0,3,0,0,8,9,0,1,1,0,1,0,0,0,
Adam Butler,12214,DI,MIA,1,0,0,,0,0,17,41.2,35.5,76.1,64.2,37.1,69.8,0,2,0,,0.0,0,0,0,0.0,0,1,0,1,3,33,32,18,11,0,3,0,1,23,7,0,1,1,0,3,0,0,0,
Arthur Maulet,12224,CB,PIT,1,1,0,,0,0,25,57.8,66.6,76.1,71.7,63.9,74.8,0,2,0,,0.0,0,0,0,0.0,0,0,1,1,13,26,4,0,0,4,0,0,22,7,6,20,0,1,0,2,0,0,0,
Sam Eguavoen,15301,LB,MIA,1,0,0,,0,0,17,,87.0,70.1,67.7,60.8,,0,1,0,,,0,0,0,0.0,0,0,2,0,0,3,1,0,0,1,0,0,2,1,2,0,0,0,0,1,0,0,0,
Ross Dwelley,20994,TE,SF,1,0,0,,0,0,28,,59.9,60.0,,60.0,,0,0,0,,,0,0,0,0.0,0,0,0,0,0,1,0,0,0,0,0,0,1,0,1,0,0,0,0,0,0,0,0,
Kemoko Turay,21702,ED,IND,1,0,0,,0,0,14,60.0,55.7,77.4,54.7,60.0,26.6,0,3,0,,100.0,2,0,0,0.0,0,2,1,0,1,17,16,0,0,16,0,0,1,14,2,0,2,0,0,5,0,0,0,
Nathan Shepherd,24614,DI,NYJ,1,1,0,,0,0,22,,70.2,75.0,59.4,69.5,69.4,1,0,0,,0.0,0,0,0,0.0,0,0,0,0,0,24,24,0,17,0,7,0,0,10,14,0,2,2,0,1,0,0,0,
Foyesade Oluokun,24904,LB,ATL,1,7,0,83.3,0,0,2,74.2,71.8,74.2,59.2,59.8,68.6,0,1,0,9,6.3,1,0,0,84.7,5,0,67,2,44,70,0,0,0,0,0,0,70,8,18,1,5,8,6,1,0,26,14,5.2
Deionte Thompson,25444,S,ARZ,1,0,0,,0,0,1,64.7,65.6,74.8,59.1,60.0,,0,0,0,,,0,0,0,0.0,0,0,4,1,15,19,1,0,0,1,0,11,18,1,3,2,0,0,0,0,0,0,0,
Levi Wallace,25445,CB,BUF,1,0,0,,0,0,4,62.3,30.0,76.3,,27.8,26.1,0,0,0,,50.0,2,0,0,0.0,0,0,9,39,3,51,3,0,0,3,0,0,48,0,48,0,2,2,0,0,0,0,0,
JaMycal Hasty,25582,HB,SF,1,0,0,,0,0,28,,52.4,60.0,,60.0,,0,0,0,,,0,0,0,0.0,0,0,0,0,0,1,0,0,0,0,0,0,1,0,1,0,0,0,0,0,0,0,0,
Clay Johnston,25685,LB,CIN,1,0,0,,0,0,7,,61.0,65.0,,60.0,,0,0,0,,,0,0,0,0.0,0,0,0,0,0,1,1,0,0,1,0,0,0,0,1,0,0,0,0,0,0,0,0,
Sean Murphy-Bunting,25891,CB,TB,1,1,0,100.0,0,0,30,60.7,60.3,76.0,56.8,59.9,78.6,0,0,0,29,0.0,0,0,0,118.8,5,0,5,11,33,49,1,0,0,1,0,0,48,3,13,32,2,4,5,0,0,81,42,16.2
Clelin Ferrell,25955,ED,LV,1,1,0,,0,0,23,60.0,47.3,75.9,62.2,43.2,71.4,0,0,0,,0.0,0,0,0,0.0,0,1,0,0,0,13,13,0,0,12,1,0,0,7,6,0,0,0,0,1,0,0,0,
Dexter Lawrence,25991,DI,NYG,1,0,0,100.0,0,0,21,60.0,53.6,78.5,63.2,56.5,70.8,0,0,0,5,0.0,0,0,0,87.5,1,0,0,0,1,53,53,0,41,0,12,0,0,33,19,0,4,4,1,0,0,5,0,5.0
Mark Gilbert,26144,CB,DET,1,0,0,,0,0,11,60.0,60.4,64.2,,,,0,0,0,,,0,0,0,0.0,0,0,0,1,1,1,0,0,0,0,0,0,1,0,0,0,0,0,0,0,0,0,0,
Maxx Crosby,26316,ED,LV,1,1,0,,0,0,23,60.0,66.5,15.9,73.9,59.0,44.7,0,5,0,,20.0,1,0,1,0.0,0,0,0,0,0,60,60,0,0,57,3,0,0,34,26,0,3,3,0,5,0,0,0,
C.J. Moore,26617,S,DET,1,0,0,0.0,0,0,11,62.8,61.7,68.1,56.8,,,0,0,0,,,0,0,0,39.6,0,0,5,0,7,9,1,0,0,1,0,2,8,2,0,1,0,0,1,0,0,0,0,
D.J. Reed Jr.,26940,CB,SEA,1,2,0,33.3,0,0,29,57.3,60.8,78.5,,68.6,37.4,0,0,0,8,28.6,2,1,0,42.4,1,0,5,52,32,59,1,0,0,1,0,0,58,0,27,1,0,3,3,0,0,8,5,8.0
Isaiah Rodgers,27069,CB,IND,1,0,0,25.0,0,0,14,50.3,51.2,74.6,,60.0,,0,0,0,14,,0,0,0,41.7,1,0,0,20,18,20,0,0,0,0,0,0,20,0,2,0,0,0,4,0,0,14,2,14.0
Devin Bush,27375,LB,PIT,1,0,0,66.7,0,0,25,59.1,44.0,77.5,59.9,32.9,78.4,0,0,0,18,0.0,0,0,0,80.6,4,0,57,1,39,65,3,0,0,3,0,0,62,1,25,4,3,3,6,0,0,33,24,8.3
Armon Watts,27844,DI,MIN,1,0,0,,0,0,18,,66.8,76.0,64.9,61.9,66.8,1,0,0,,0.0,0,0,0,0.0,0,0,0,0,0,30,30,4,20,0,6,0,0,21,9,0,1,1,0,1,0,0,0,
Joe Gaziano,27949,DI,LAC,1,1,0,,1,0,27,60.0,41.6,0.0,49.2,58.4,69.2,0,1,0,,0.0,0,0,1,0.0,0,0,0,0,0,29,29,0,13,4,12,0,0,20,9,0,0,0,0,1,0,0,0,
Rashod Berry,28071,ED,DET,1,0,0,,0,0,11,,54.4,72.6,67.6,52.5,,0,0,0,,,0,0,0,0.0,0,0,0,0,0,10,10,0,0,10,0,0,0,4,6,0,0,0,0,0,0,0,0,
Dre'Mont Jones,28075,DI,DEN,1,0,0,,0,0,10,60.0,66.9,76.2,60.8,67.2,69.8,1,1,0,,0.0,0,0,0,0.0,0,0,0,0,0,33,33,0,17,0,16,0,0,26,7,0,2,3,0,2,0,0,0,
Jerome Baker,28091,LB,MIA,1,1,0,100.0,0,0,17,56.8,51.0,79.0,56.7,45.8,73.9,1,3,0,8,0.0,0,0,0,95.8,3,0,20,0,24,63,40,0,0,40,0,0,23,23,16,3,1,2,3,4,0,21,18,7.0
Troy Dye,28251,LB,MIN,1,1,0,,0,0,18,68.8,59.3,74.8,,49.6,45.1,0,0,0,,16.7,1,0,0,0.0,0,0,29,0,16,30,0,0,0,0,0,0,30,0,14,1,1,4,0,0,0,0,0,
Kevin Givens,28308,DI,SF,1,0,0,,0,0,28,54.9,47.4,75.2,64.2,56.5,22.9,0,1,0,,100.0,1,0,0,0.0,0,0,0,0,2,20,20,5,14,0,1,0,0,10,8,0,0,0,0,1,0,0,0,
Bilal Nichols,28451,DI,CHI,1,2,0,,0,0,6,60.0,69.8,76.5,50.7,73.8,71.8,0,0,0,,0.0,0,0,0,0.0,0,0,0,0,1,38,37,1,21,2,13,0,1,18,19,0,2,3,0,0,0,0,0,
Jimmy Moreland,28704,CB,HST,1,0,0,,0,0,13,,62.5,70.9,,61.3,,0,0,0,,,0,0,0,0.0,0,0,1,7,0,8,0,0,0,0,0,0,8,0,8,0,0,0,0,0,0,0,0,
Joejuan Williams,29113,CB,NE,1,0,0,0.0,0,0,19,34.0,31.1,67.4,,60.0,,0,0,0,,,0,0,0,39.6,0,0,1,3,3,4,0,0,0,0,0,0,4,0,1,0,0,0,1,0,0,0,0,
Germaine Pratt,29407,LB,CIN,1,2,0,100.0,0,1,7,81.4,90.6,76.7,54.9,88.2,56.0,0,0,0,12,11.1,1,0,0,104.2,3,0,50,0,39,62,9,0,0,9,0,2,53,2,21,1,4,6,3,0,0,27,19,9.0
Jeff Wilson Jr.,29413,HB,SF,1,0,0,,0,0,28,,59.9,60.0,,60.0,,0,0,0,,,0,0,0,0.0,0,0,0,0,0,1,0,0,0,0,0,0,1,0,1,0,0,0,0,0,0,0,0,
Chris Board,29456,LB,BLT,1,0,0,100.0,0,0,3,48.5,42.9,72.4,57.7,,22.2,0,1,0,17,100.0,1,0,0,118.8,1,0,11,0,9,11,0,0,0,0,0,0,11,2,0,0,0,0,1,1,0,17,13,17.0
Logan Wilson,29623,LB,CIN,1,2,0,100.0,0,0,7,65.8,57.3,73.7,,44.1,78.5,0,0,0,-1,0.0,0,0,0,79.2,1,0,16,0,14,18,1,0,0,1,0,0,17,0,4,1,1,1,1,0,0,-1,3,-1.0
Andrew Van Ginkel,30267,ED,MIA,1,0,1,100.0,0,0,17,72.7,68.8,0.0,65.2,68.6,74.5,1,1,0,11,20.0,1,0,1,95.8,2,0,3,0,9,54,51,0,0,51,0,0,3,31,14,0,4,4,2,2,0,14,12,7.0
T.J. Edwards,30737,LB,PHI,1,1,0,80.0,0,0,24,57.0,66.6,74.5,70.6,74.1,64.9,0,1,0,14,8.3,1,1,0,91.7,4,0,55,0,38,57,0,0,0,0,0,1,57,2,17,1,3,10,5,1,0,30,16,7.5
George Odum,31342,S,IND,1,0,0,,0,0,14,63.6,65.0,71.3,,,75.2,0,0,0,,0.0,0,0,0,0.0,0,0,1,0,7,7,0,0,0,0,0,6,7,0,0,0,0,1,0,0,0,0,0,
Dane Jackson,32989,CB,BUF,1,1,0,50.0,0,0,4,56.7,53.3,74.7,,52.4,49.6,0,0,0,12,16.7,1,1,0,68.8,1,0,14,31,3,51,3,0,0,3,0,1,48,0,48,2,0,4,2,0,0,12,1,12.0
DeAndre Baker,33356,CB,KC,1,1,0,60.0,0,0,16,67.9,68.3,78.0,60.0,48.6,58.1,0,0,0,10,0.0,0,0,0,69.6,3,0,1,50,36,51,0,0,0,0,0,0,51,2,13,0,1,3,5,0,0,21,19,7.0
Cam Gill,33560,ED,TB,1,0,0,,0,0,30,,77.0,70.6,73.6,60.2,72.8,0,0,0,,0.0,0,0,0,0.0,0,1,0,0,0,7,7,0,0,7,0,0,0,5,2,0,1,1,0,1,0,0,0,
Robert Rochell,33693,CB,LA,1,0,0,,0,0,26,,60.0,64.5,,60.0,,0,0,0,,,0,0,0,0.0,0,0,0,1,0,1,0,0,0,0,0,0,1,0,1,0,0,0,0,0,0,0,0,
Nasir Adderley,33880,S,LAC,1,2,0,50.0,0,0,27,46.3,50.4,80.1,90.7,58.0,56.0,0,0,0,16,20.0,1,0,0,77.1,1,1,16,0,48,75,0,0,0,0,0,50,75,2,25,9,2,2,2,1,0,16,0,16.0
Mike Hughes,34057,CB,KC,1,0,0,0.0,0,0,16,65.8,52.4,73.5,,44.4,21.7,0,0,0,,100.0,1,0,0,39.6,0,0,0,9,8,11,1,0,0,1,0,0,10,0,3,1,0,0,1,0,0,0,0,
Kris Boyd,34222,CB,MIN,1,0,0,,0,0,18,76.7,79.2,66.8,,,72.8,0,0,0,,0.0,0,0,0,0.0,0,0,0,2,2,2,0,0,0,0,0,0,2,0,0,0,1,1,0,0,0,0,0,
Zack Baun,34632,LB,NO,1,0,0,100.0,0,0,20,64.5,47.5,73.0,,40.5,73.1,0,0,0,7,0.0,0,0,0,95.8,1,0,7,0,8,22,15,0,0,15,0,0,7,0,14,0,1,2,1,0,0,7,6,7.0
Johnathan Abram,34646,S,LV,1,2,0,66.7,0,0,23,70.3,71.3,72.3,57.9,65.8,44.5,0,0,0,6,25.0,1,1,1,70.1,2,0,40,4,35,67,1,0,0,1,0,7,66,2,30,15,1,1,3,0,0,5,12,2.5
Jamel Dean,34918,CB,TB,1,0,0,33.3,0,0,30,90.2,71.7,76.9,,26.7,27.1,0,0,0,0,50.0,1,1,0,42.4,1,0,1,33,24,36,1,0,0,1,0,0,35,0,12,1,1,1,3,0,0,0,2,0.0
Trevis Gipson,35241,ED,CHI,1,0,0,,0,0,6,60.0,55.1,77.9,65.5,49.4,32.4,0,1,0,,20.0,1,0,0,0.0,0,0,2,0,0,31,28,0,0,28,0,0,3,11,20,1,3,4,0,1,0,0,0,
Kenny Willekes,35624,ED,MIN,1,0,0,,0,0,18,,57.8,79.9,52.8,66.5,71.7,1,0,0,,0.0,0,0,0,0.0,0,0,0,0,0,37,37,0,0,37,0,0,0,31,6,0,2,2,0,1,0,0,0,
Tae Crowder,35774,LB,NYG,1,1,0,83.3,0,0,21,58.6,67.0,75.8,59.5,73.9,81.9,1,0,0,17,0.0,0,0,0,96.5,5,0,66,0,38,69,1,0,0,1,0,0,68,7,24,2,5,8,6,1,0,43,23,8.6
Darrell Taylor,36001,ED,SEA,1,0,0,100.0,0,0,29,61.0,36.6,76.5,48.1,37.6,25.9,0,3,0,8,66.7,2,0,0,100.0,1,0,0,0,1,31,31,0,0,31,0,0,0,18,12,0,0,1,1,3,0,8,3,8.0
Austin Bryant,36248,ED,DET,1,1,0,,0,0,11,,46.4,78.9,51.1,48.2,28.1,0,1,0,,50.0,1,0,0,0.0,0,0,0,0,0,54,54,0,2,42,10,0,0,36,18,0,0,0,0,1,0,0,0,
Kyle Phillips,36340,ED,NYJ,1,0,0,,0,0,22,,48.3,0.0,57.1,58.7,,1,0,0,,,0,0,1,0.0,0,0,0,0,0,31,31,0,0,30,1,0,0,19,12,0,0,0,0,1,0,0,0,
Josiah Bronson,36668,DI,NO,1,0,0,,0,0,20,,43.0,74.8,62.5,40.8,22.9,1,0,0,,100.0,1,0,0,0.0,0,0,0,0,0,22,22,3,19,0,0,0,0,10,12,0,0,0,0,1,0,0,0,
Albert Huggins,36862,DI,NO,1,1,0,,0,0,20,,34.4,74.8,54.6,36.3,66.8,0,1,0,,0.0,0,0,0,0.0,0,0,0,0,0,22,22,0,21,0,1,0,0,14,8,0,0,0,0,1,0,0,0,
Shy Tuttle,37279,DI,NO,1,1,0,,0,0,20,71.7,69.4,76.9,58.1,61.7,26.1,0,1,0,,50.0,1,0,0,0.0,0,0,0,0,0,28,28,8,20,0,0,0,0,19,9,0,0,0,0,1,0,0,0,
Davontae Harris,37492,CB,LAC,1,0,0,100.0,0,0,27,44.7,44.7,70.3,,60.0,23.1,0,0,0,16,100.0,1,0,0,118.8,1,0,0,6,3,6,0,0,0,0,0,0,6,0,3,0,0,0,1,0,0,16,5,16.0
Derrek Tuszka,37724,ED,PIT,1,0,0,100.0,0,0,25,61.6,64.1,74.4,53.9,65.6,69.9,0,0,0,3,0.0,0,0,0,79.2,1,0,0,0,3,15,15,0,0,15,0,0,0,4,8,0,1,1,1,0,0,3,2,3.0
Troy Reeder,38268,LB,LA,1,4,0,0.0,0,0,26,51.9,64.1,72.6,66.7,66.8,78.3,0,1,0,,0.0,0,0,0,39.6,0,0,26,0,11,29,0,0,0,0,0,0,29,1,17,3,0,0,1,1,0,0,0,
Bryan Mone,38461,DI,SEA,1,0,0,,0,0,29,,70.2,76.7,55.4,70.3,68.6,0,0,0,,0.0,0,0,0,0.0,0,0,0,0,0,28,28,18,10,0,0,0,0,9,19,0,1,1,0,0,0,0,0,
Casey Toohill,38472,ED,WAS,1,0,0,,0,0,32,,32.0,0.0,49.0,43.5,21.1,1,1,0,,100.0,2,0,1,0.0,0,0,0,0,0,36,36,0,0,36,0,0,0,24,12,0,0,0,0,2,0,0,0,
Marquise Copeland,38540,DI,LA,1,0,0,,0,0,26,,53.5,74.2,55.1,55.9,66.8,0,0,0,,,0,0,0,0.0,0,0,0,0,0,16,16,3,7,1,5,0,0,5,11,0,0,0,0,0,0,0,0,
Jordan Kunaszyk,38548,LB,WAS,1,0,0,,0,0,32,,60.0,65.6,,60.0,,0,0,0,,,0,0,0,0.0,0,0,0,0,0,1,1,0,0,1,0,0,0,0,1,0,0,0,0,0,0,0,0,
Folorunso Fatukasi,38558,DI,NYJ,1,2,0,,0,0,22,,45.4,77.6,57.7,45.5,28.9,0,1,0,,16.7,1,0,0,0.0,0,0,0,0,0,42,42,1,38,0,3,0,0,15,27,0,3,3,0,1,0,0,0,
Chapelle Russell,38876,LB,JAX,1,1,0,,0,0,15,66.5,52.6,70.4,,46.3,28.6,0,0,0,,33.3,1,0,0,0.0,0,0,10,0,5,10,0,0,0,0,0,0,10,0,5,0,0,1,0,0,0,0,0,
Justin Layne,40160,CB,PIT,1,0,0,100.0,0,0,25,63.1,63.4,71.7,,,29.4,0,0,0,0,33.3,1,0,0,79.2,1,0,1,8,9,9,0,0,0,0,0,0,9,0,0,0,1,2,1,0,0,0,0,0.0
Tershawn Wharton,40292,DI,KC,1,0,0,,0,0,16,59.3,51.0,76.5,55.4,53.2,28.4,0,1,0,,33.3,1,0,0,0.0,0,0,0,0,1,34,34,6,21,1,6,0,0,21,12,0,2,2,0,1,0,0,0,
L'Jarius Sneed,40588,CB,KC,1,2,0,100.0,0,0,16,68.8,71.8,78.9,50.4,80.5,81.8,0,0,0,13,0.0,0,0,0,154.2,2,0,4,8,44,77,7,0,0,7,0,1,70,5,28,57,1,1,2,0,1,23,19,11.5
Trevon Diggs,41817,CB,DAL,1,0,0,50.0,0,0,9,82.3,76.5,78.0,,43.7,37.9,0,0,1,70,25.0,1,0,0,94.8,4,0,8,57,48,70,1,0,0,1,0,0,69,0,22,4,0,3,8,0,1,98,75,24.5
Ed Oliver,42200,DI,BUF,1,1,0,,0,0,4,,66.5,75.1,57.8,65.4,69.6,0,0,0,,0.0,0,0,0,0.0,0,0,0,0,0,23,23,1,22,0,0,0,0,3,20,0,2,2,0,0,0,0,0,
Divine Deablo,42208,LB,LV,1,1,0,100.0,0,0,23,51.7,64.9,74.9,67.1,72.4,82.4,0,0,0,35,0.0,0,0,0,118.8,4,0,35,0,19,38,1,0,0,1,0,1,37,1,18,1,3,7,4,0,0,51,36,12.8
Charlie Woerner,42257,TE,SF,1,0,0,,0,0,28,,61.4,60.1,,60.0,,0,0,0,,,0,0,1,0.0,0,0,0,0,0,1,0,0,0,0,0,0,1,0,1,0,0,0,0,0,0,0,0,
Bryce Hall,42313,CB,NYJ,1,0,0,66.7,0,0,22,70.2,71.1,76.2,55.0,71.4,79.7,0,1,0,7,0.0,0,1,1,70.1,2,0,13,58,30,71,0,0,0,0,0,0,71,1,40,0,2,6,3,1,0,9,0,4.5
Amen Ogbongbemiga,42449,LB,LAC,1,0,0,,0,0,27,,67.0,66.1,,62.9,71.4,0,0,0,,0.0,0,0,0,0.0,0,0,2,0,0,2,0,0,0,0,0,0,2,0,2,0,0,1,0,0,0,0,0,
Isaiah Simmons,42451,LB,ARZ,1,1,0,37.5,0,0,1,32.2,30.0,78.0,55.4,38.3,39.9,1,1,0,34,20.0,1,0,0,55.7,3,0,45,0,35,75,19,0,0,19,0,0,56,14,26,11,2,3,8,2,0,43,22,14.3
Cameron Dantzler,42472,CB,MIN,1,0,0,33.3,0,0,18,80.5,80.9,78.9,59.5,73.9,29.6,0,0,1,7,33.3,1,0,0,2.8,1,0,4,61,45,72,0,0,0,0,0,0,72,1,26,7,0,2,3,0,0,7,0,7.0
Antoine Winfield Jr.,42475,S,TB,1,0,0,80.0,0,0,30,71.8,66.9,78.0,58.7,45.9,32.5,0,0,0,9,33.3,5,1,0,83.3,4,0,11,2,48,71,4,0,0,4,0,45,67,1,22,9,2,10,5,0,0,20,19,5.0
Chauncey Golston,42718,ED,DAL,1,0,0,,0,0,9,,49.7,79.3,57.1,45.5,,0,4,0,,,0,0,0,0.0,0,0,0,0,0,42,42,0,10,29,3,0,0,29,13,0,0,0,0,4,0,0,0,
Nick Bosa,42741,ED,SF,1,0,1,,0,1,28,,61.4,81.8,72.3,44.3,26.0,2,3,0,,50.0,2,0,0,0.0,0,1,0,0,0,61,61,0,0,61,0,0,0,39,22,0,3,2,0,6,0,0,0,
Osa Odighizuwa,42754,DI,DAL,1,0,0,,0,0,9,62.6,66.8,76.9,62.9,56.7,70.3,1,3,0,,0.0,0,0,0,0.0,0,0,0,0,0,39,39,2,33,1,3,0,0,29,10,0,2,4,0,4,0,0,0,
J.C. Jackson,42781,CB,NE,1,0,0,66.7,0,0,19,72.4,72.4,78.0,,64.4,29.6,0,0,0,26,33.3,1,1,0,82.6,4,0,1,48,36,56,0,0,0,0,0,0,56,0,20,7,1,2,6,0,0,36,9,9.0
Shaka Toney,42806,ED,WAS,1,0,0,,0,0,32,,52.0,71.8,52.8,,,0,0,0,,,0,0,0,0.0,0,0,0,0,0,5,5,0,0,5,0,0,0,5,0,0,0,0,0,0,0,0,0,
Avery Williams,42873,CB,ATL,1,0,0,100.0,0,0,2,50.7,65.9,67.3,,76.2,79.2,0,0,0,5,0.0,0,0,0,83.3,2,0,2,0,2,5,0,0,0,0,0,0,5,0,3,3,2,4,2,0,0,8,7,4.0
Jonathon Cooper,43021,ED,DEN,1,0,0,100.0,0,0,10,77.1,73.4,73.6,60.1,60.0,70.5,0,1,0,-7,0.0,0,0,0,79.2,1,0,0,0,2,16,15,0,0,15,0,0,1,9,5,1,1,1,1,1,0,-7,1,-7.0
Charvarius Ward,43034,CB,KC,1,0,0,42.9,0,0,16,71.8,74.4,78.3,66.6,70.2,80.6,0,0,0,13,0.0,0,1,0,56.8,3,0,8,62,48,77,4,0,0,4,0,1,73,1,28,2,0,7,7,0,0,32,30,10.7
McTelvin Agim,43069,DI,DEN,1,0,0,,0,0,10,,53.8,72.1,64.5,60.0,,0,0,0,,,0,0,0,0.0,0,0,0,0,0,9,9,0,7,0,2,0,0,6,3,0,0,0,0,0,0,0,0,
Devin White,43089,LB,TB,1,3,0,100.0,0,0,30,39.5,30.3,76.2,49.5,40.9,62.8,1,2,0,20,9.1,1,0,0,118.1,6,0,69,0,40,71,0,0,0,0,0,0,71,9,22,2,1,7,6,3,0,74,38,12.3
Richie Grant,43196,CB,ATL,1,1,0,80.0,0,0,2,53.1,54.9,73.7,56.2,64.4,77.2,0,0,0,36,0.0,0,0,0,118.8,4,0,2,3,15,24,0,0,0,0,0,0,24,2,7,19,1,2,5,0,0,68,18,17.0
Joe Bachie,43250,LB,CIN,1,2,0,100.0,0,0,7,77.3,79.8,74.2,,68.0,80.7,0,0,0,1,0.0,0,0,0,79.2,1,0,35,0,22,39,0,0,0,0,0,0,39,0,17,4,2,6,1,0,0,1,2,1.0
Myles Bryant,43336,CB,NE,1,1,0,75.0,0,0,19,62.8,65.8,77.4,,73.2,81.8,0,0,0,19,0.0,0,1,1,104.2,3,0,3,3,38,54,0,0,0,0,0,3,54,0,16,45,1,4,4,0,0,38,14,12.7
Josh Metellus,43395,S,MIN,1,0,0,0.0,0,0,18,72.5,76.6,67.7,,,,0,0,0,,,0,0,0,39.6,0,0,0,0,6,6,0,0,0,0,0,6,6,0,0,0,0,0,1,0,0,0,0,
Nick Niemann,43500,LB,LAC,1,0,0,,0,0,27,,46.3,64.4,,54.3,73.3,0,0,0,,0.0,0,0,0,0.0,0,0,2,0,0,2,0,0,0,0,0,0,2,0,2,0,0,1,0,0,0,0,0,
Alex Highsmith,43507,ED,PIT,1,0,0,,0,0,25,62.7,63.7,79.7,71.0,46.3,27.1,0,4,0,,50.0,3,0,0,0.0,0,0,6,0,4,60,53,0,0,53,0,0,7,37,19,1,3,3,0,4,0,0,0,
Levi Onwuzurike,43679,DI,DET,1,3,0,,0,0,11,,57.2,77.9,70.7,49.7,70.6,0,1,0,,0.0,0,0,0,0.0,0,0,0,0,0,48,48,0,47,0,1,0,0,24,24,0,1,1,0,1,0,0,0,
Quincy Roche,43734,ED,NYG,1,2,0,100.0,0,0,21,44.9,75.8,77.4,71.2,78.9,75.8,0,1,0,8,0.0,0,0,0,100.0,1,1,0,0,2,31,30,0,0,30,0,0,1,21,8,1,3,3,1,2,0,8,4,8.0
Elerson Smith,43766,ED,NYG,1,0,0,,0,0,21,60.0,61.2,75.4,59.9,59.8,,0,2,0,,,0,0,0,0.0,0,0,0,0,1,21,20,0,0,15,5,0,1,13,7,1,0,0,0,2,0,0,0,
Patrick Jones II,43974,ED,MIN,1,0,0,,0,0,18,,57.6,70.4,56.6,60.0,,0,0,0,,,0,0,0,0.0,0,0,0,0,0,3,3,0,0,3,0,0,0,2,1,0,0,0,0,0,0,0,0,
Byron Murphy Jr.,44027,CB,ARZ,1,0,0,66.7,0,0,1,83.4,74.8,0.0,74.7,66.6,84.2,0,0,1,12,0.0,0,1,2,36.8,4,1,2,18,34,61,0,0,0,0,0,0,61,3,24,41,2,5,6,1,0,27,26,6.8
Adetokunbo Ogundeji,44047,ED,ATL,1,0,0,100.0,0,0,2,29.5,40.0,76.2,55.1,64.4,69.9,0,1,0,18,0.0,0,0,0,118.8,2,0,0,0,2,27,27,0,0,27,0,0,0,18,7,0,0,1,2,1,0,25,10,12.5
Julian Okwara,44152,ED,DET,1,0,0,100.0,0,0,11,87.2,53.4,77.5,56.8,29.2,71.9,0,0,0,6,0.0,0,0,0,91.7,1,1,1,0,7,28,27,3,0,24,0,0,1,16,5,0,2,1,1,1,0,6,5,6.0
Jonathan Marshall,44173,DI,NYJ,1,0,0,,0,0,22,,49.3,0.0,54.2,64.5,,0,0,0,,,0,0,1,0.0,0,0,0,0,0,19,19,1,17,0,1,0,0,8,11,0,0,0,0,0,0,0,0,
Quinnen Williams,44216,DI,NYJ,1,1,0,,0,0,22,,56.3,0.0,53.6,65.4,35.0,0,1,0,,14.3,1,0,1,0.0,0,0,0,0,0,49,49,0,30,1,18,0,0,21,28,0,4,5,0,1,0,0,0,
Jamir Jones,44287,ED,LA,1,0,0,,0,0,26,,69.3,71.4,57.9,66.7,70.5,0,0,0,,0.0,0,0,0,0.0,0,0,0,0,0,7,7,0,0,7,0,0,0,2,5,0,1,1,0,0,0,0,0,
Justin Madubuike,44304,DI,BLT,1,0,0,,0,0,3,,30.1,75.7,52.7,30.8,22.9,0,0,0,,100.0,1,0,0,0.0,0,0,0,0,0,25,25,3,17,0,5,0,0,13,12,0,0,0,0,0,0,0,0,
Boogie Basham,44320,ED,BUF,1,0,0,,0,0,4,,43.5,76.8,,45.6,29.9,0,0,0,,33.3,1,0,0,0.0,0,0,0,0,0,21,21,0,1,16,4,0,0,0,21,0,1,2,0,0,0,0,0,
Isaiahh Loudermilk,44416,DI,PIT,1,0,0,,0,0,25,,68.5,73.4,53.2,71.6,67.4,0,1,0,,0.0,0,0,0,0.0,0,0,0,0,0,12,12,0,2,3,7,0,0,6,6,0,1,1,0,1,0,0,0,
Elijah Riley,44440,S,NYJ,1,1,0,100.0,0,0,22,46.8,49.2,74.5,81.5,55.2,33.8,0,1,0,9,28.6,2,0,0,104.2,1,1,35,0,26,63,0,0,0,0,0,26,63,1,36,2,1,4,1,2,0,9,7,9.0
Kyzir White,44485,LB,LAC,1,1,0,87.5,0,0,27,56.6,59.1,75.2,59.6,63.5,62.7,0,0,0,14,9.1,1,0,0,100.0,7,0,58,0,46,70,3,0,0,3,0,0,67,1,23,9,7,9,8,0,0,64,29,9.1
Ross Blacklock,44526,DI,HST,1,1,0,,0,0,13,,36.4,76.4,62.4,33.6,26.4,0,0,0,,40.0,2,0,0,0.0,0,0,0,0,0,34,34,0,27,0,7,0,0,14,20,0,1,2,0,0,0,0,0,
D.J. Wonnum,44550,ED,MIN,1,1,0,,0,0,18,60.0,65.9,82.3,61.7,52.5,72.8,0,2,0,,0.0,0,1,0,0.0,0,1,0,0,0,64,64,0,0,60,4,0,0,41,23,0,2,1,0,3,0,0,0,
Raekwon Davis,44582,DI,MIA,1,0,0,,0,0,17,,54.3,75.5,52.9,57.8,67.9,0,0,0,,0.0,0,0,0,0.0,0,0,0,0,0,34,34,28,6,0,0,0,0,23,11,0,1,2,0,0,0,0,0,
Leki Fotu,44614,DI,ARZ,1,0,0,,0,0,1,59.5,51.1,73.9,55.7,56.2,,0,0,0,,,0,0,0,0.0,0,0,0,0,1,18,18,5,9,0,4,0,0,9,8,0,0,0,0,0,0,0,0,
Terrell Burgess,45255,S,LA,1,0,0,100.0,0,0,26,60.0,40.2,66.0,,60.0,,0,0,0,9,,0,0,0,104.2,1,0,2,0,1,5,0,0,0,0,0,2,5,0,4,1,0,0,1,0,0,9,12,9.0
Jordan Fuller,45326,S,LA,1,2,0,100.0,0,0,26,67.4,66.2,74.0,,54.7,85.9,0,0,0,9,0.0,0,0,0,95.8,2,0,10,0,35,54,1,0,0,1,0,36,53,0,19,7,1,5,2,0,0,14,10,7.0
Zech McPhearson,45464,CB,PHI,1,0,0,100.0,0,0,24,55.6,56.3,74.3,,60.0,45.7,0,0,0,5,50.0,1,0,1,87.5,1,0,5,28,28,33,0,0,0,0,0,0,33,0,5,0,0,1,1,0,0,5,0,5.0
Brandon Stephens,45644,S,BLT,1,1,0,100.0,0,0,3,66.8,67.9,75.9,,61.5,82.8,0,0,0,5,0.0,0,0,0,85.4,2,0,29,1,29,54,1,0,0,1,0,20,53,0,25,3,1,6,2,0,0,9,8,4.5
River Cracraft,47417,WR,SF,1,0,0,,0,0,28,,59.9,60.0,,60.0,,0,0,0,,,0,0,0,0.0,0,0,0,0,0,1,0,0,0,0,0,0,1,0,1,0,0,0,0,0,0,0,0,
Blake Lynch,47621,LB,MIN,1,2,0,80.0,0,1,18,71.8,76.6,76.1,91.2,55.5,81.8,0,0,0,10,0.0,0,0,0,91.7,4,2,59,0,42,72,5,0,0,5,0,3,67,4,26,5,2,4,5,2,0,30,7,7.5
Olubunmi Rotimi,48387,ED,WAS,1,0,0,,0,0,32,,50.7,74.5,51.4,,,0,0,0,,,0,0,0,0.0,0,0,0,0,0,9,9,0,0,9,0,0,0,9,0,0,0,0,0,0,0,0,0,
Jalyn Holmes,48400,ED,NO,1,1,1,,0,0,20,50.5,68.3,79.2,57.6,76.1,27.3,0,0,0,,33.3,2,0,0,0.0,0,0,0,0,2,33,33,0,0,32,1,0,0,16,15,0,3,3,0,0,0,0,0,
Kentavius Street,48404,DI,SF,1,0,0,,0,0,28,,28.5,72.4,55.8,29.7,23.1,0,0,0,,50.0,1,0,0,0.0,0,0,0,0,0,10,10,1,7,0,2,0,0,4,6,0,1,1,0,0,0,0,0,
Anthony Nelson,48405,ED,TB,1,0,0,,0,0,30,62.0,54.4,0.0,65.5,58.9,,1,0,0,,,0,0,1,0.0,0,0,0,0,3,21,20,0,0,20,0,0,1,11,7,1,0,0,0,1,0,0,0,
Jonathan Greenard,48407,ED,HST,1,1,0,,0,0,13,,64.4,80.2,64.9,59.3,71.7,1,2,0,,0.0,0,0,0,0.0,0,0,0,0,0,38,38,0,0,37,1,0,0,16,22,0,0,1,0,3,0,0,0,
Michael Danna,48415,ED,KC,1,0,0,,0,0,16,60.0,71.1,79.5,60.1,72.0,70.8,1,0,0,,0.0,0,0,0,0.0,0,0,1,0,1,31,30,0,0,29,1,0,1,18,12,0,2,2,0,1,0,0,0,
James Smith-Williams,48455,ED,WAS,1,0,0,,1,0,32,62.9,48.4,0.0,50.4,63.6,71.7,0,3,0,,0.0,0,0,1,0.0,0,0,0,0,2,44,44,0,0,41,3,0,0,33,9,0,1,2,0,3,0,0,0,
Sam Hubbard,48457,ED,CIN,1,3,0,100.0,0,0,7,51.2,61.0,80.5,59.5,67.2,40.0,1,3,0,10,16.7,1,0,0,108.3,1,1,0,0,2,60,60,0,2,55,3,0,0,38,20,0,2,2,1,5,0,10,0,10.0
Carl Granderson,48500,ED,NO,1,1,0,,0,0,20,60.0,63.9,77.1,55.1,70.2,72.0,1,3,0,,0.0,0,0,0,0.0,0,0,0,0,0,38,38,0,0,38,0,0,0,27,11,0,1,1,0,4,0,0,0,
Bradley Chubb,48526,ED,DEN,1,0,0,,0,0,10,61.0,46.5,76.6,47.0,52.9,44.1,0,1,0,,25.0,1,0,0,0.0,0,0,0,0,1,38,38,0,0,38,0,0,0,20,17,0,3,3,0,1,0,0,0,
Dorance Armstrong,48557,ED,DAL,1,0,0,,0,0,9,,61.1,80.1,61.2,57.6,70.7,0,4,0,,25.0,1,0,0,0.0,0,0,3,0,0,51,48,0,6,41,1,0,3,37,14,0,2,3,0,4,0,0,0,
Malik Reed,48567,ED,DEN,1,1,0,,0,0,10,70.6,62.0,77.6,58.8,53.8,74.2,0,0,0,,0.0,0,0,0,0.0,0,0,0,0,0,45,45,0,0,45,0,0,0,26,19,0,2,3,0,0,0,0,0,
Roy Lopez,48676,DI,HST,1,0,0,,0,0,13,,53.0,77.5,54.5,54.1,,0,0,0,,,0,0,0,0.0,0,0,0,0,0,38,38,2,36,0,0,0,0,8,30,0,0,0,0,0,0,0,0,
Harrison Phillips,48690,DI,BUF,1,1,0,,0,0,4,,63.3,76.5,59.3,62.2,71.8,0,0,0,,0.0,0,0,0,0.0,0,0,0,0,0,33,33,1,32,0,0,0,0,2,31,0,5,6,0,0,0,0,0,
Daron Payne,48698,DI,WAS,1,0,0,,0,0,32,,89.4,0.0,88.5,76.5,70.5,1,2,0,,0.0,0,0,1,0.0,0,0,0,0,0,47,47,14,21,0,12,0,0,35,12,0,3,3,0,3,0,0,0,
Greg Gaines,48706,DI,LA,1,2,0,,0,0,26,60.0,72.9,77.9,65.9,69.0,27.1,2,2,0,,33.3,2,0,0,0.0,0,0,0,0,0,48,48,26,18,0,4,0,0,33,15,0,2,2,0,4,0,0,0,
Rasheem Green,48731,ED,SEA,1,0,0,,0,0,29,60.0,55.2,77.7,60.6,50.1,70.2,1,2,0,,0.0,0,0,0,0.0,0,0,0,0,1,38,38,0,4,18,16,0,0,25,12,0,2,2,0,3,0,0,0,
Marlon Davidson,48741,DI,ATL,1,0,0,,0,0,2,67.1,90.1,74.8,50.6,56.4,,0,0,1,,,0,0,0,0.0,0,0,0,0,0,22,22,6,8,0,8,0,0,19,3,0,0,0,0,0,0,0,0,
Taven Bryan,48753,DI,JAX,1,1,0,,0,0,15,,63.5,74.3,50.9,72.1,69.5,0,0,0,,0.0,0,0,0,0.0,0,0,0,0,0,19,19,1,12,0,6,0,0,14,5,0,1,1,0,0,0,0,0,
Bruce Hector,48759,DI,DET,1,1,0,,0,0,11,,73.6,76.2,55.1,74.4,70.2,0,0,0,,0.0,0,0,0,0.0,0,0,0,0,0,21,21,0,6,11,4,0,0,8,13,0,1,1,0,0,0,0,0,
L.J. Collier,48822,DI,SEA,1,0,0,,0,0,29,,54.7,73.9,81.4,41.3,,1,1,0,,,0,0,0,0.0,0,0,0,0,0,16,16,0,10,0,6,0,0,7,9,0,0,0,0,2,0,0,0,
Michael Dogbe,48850,DI,ARZ,1,0,0,,0,0,1,,68.5,74.7,70.3,59.8,66.8,0,1,0,,0.0,0,0,0,0.0,0,0,1,0,0,17,16,1,13,0,2,0,1,11,6,0,1,1,0,1,0,0,0,
Eli Ankou,48856,DI,BUF,1,2,0,,0,0,4,,53.5,74.8,,54.3,69.8,0,0,0,,0.0,0,0,0,0.0,0,0,0,0,0,18,18,2,16,0,0,0,0,0,18,0,0,1,0,0,0,0,0,
Daniel Ekuale,48874,DI,NE,1,0,0,,0,0,19,,63.2,71.9,66.3,57.9,69.1,0,0,0,,0.0,0,0,0,0.0,0,1,0,0,0,8,8,0,6,0,2,0,0,4,4,0,2,1,0,1,0,0,0,
Poona Ford,48875,DI,SEA,1,1,0,,0,0,29,,69.7,76.8,68.8,63.5,70.9,0,1,0,,0.0,0,0,0,0.0,0,0,0,0,0,36,36,1,27,0,8,0,0,18,18,0,1,3,0,1,0,0,0,
Henry Mondeaux,48889,DI,PIT,1,0,0,,0,0,25,,45.0,75.4,47.4,53.9,27.3,0,1,0,,50.0,1,0,0,0.0,0,0,0,0,0,24,24,2,10,3,9,0,0,16,8,0,0,1,0,1,0,0,0,
Daniel Wise,48922,ED,WAS,1,0,0,,0,0,32,,68.1,77.5,55.5,73.4,71.2,0,0,0,,0.0,0,0,0,0.0,0,0,0,0,0,24,24,0,0,18,6,0,0,17,7,0,2,2,0,0,0,0,0,
Taylor Stallworth,48935,DI,IND,1,0,0,,0,0,14,61.1,51.5,75.5,49.0,51.7,,1,0,0,,,0,1,0,0.0,0,0,0,0,0,28,28,0,20,0,8,0,0,22,6,0,0,0,0,1,0,0,0,
Justin Jones,48940,DI,LAC,1,0,0,,0,0,27,,87.5,75.4,66.8,85.0,70.0,0,0,0,,0.0,0,0,0,0.0,0,1,0,0,0,24,24,1,14,0,9,0,0,15,9,0,2,2,0,1,0,0,0,
Vita Vea,48956,DI,TB,1,0,0,,0,0,30,60.0,61.1,76.4,90.2,33.1,68.7,1,4,0,,,0,0,0,0.0,0,2,0,0,1,34,34,8,24,1,1,0,0,21,12,0,2,0,0,7,0,0,0,
Tim Settle,48966,DI,WAS,1,0,0,,0,0,32,,47.6,69.6,57.2,54.4,68.6,0,0,0,,0.0,0,0,0,0.0,0,0,0,0,0,5,5,2,3,0,0,0,0,3,2,0,0,1,0,0,0,0,0,
Nick Scott,49012,S,LA,1,1,0,,0,0,26,46.8,46.3,77.2,,60.0,42.6,0,0,0,,25.0,1,0,0,0.0,0,0,2,0,14,19,0,0,0,0,0,16,19,0,5,1,1,2,0,0,0,0,0,
Josh Woods,49023,LB,DET,1,2,0,75.0,0,0,11,37.4,48.6,73.9,55.8,67.4,49.0,1,0,0,19,18.2,2,0,0,110.4,3,0,38,0,20,43,2,0,0,2,0,0,41,4,19,3,3,7,4,1,0,44,21,14.7
Justin Reid,49048,S,HST,1,1,0,,0,0,13,64.6,66.5,77.4,,63.0,59.8,0,0,0,,14.3,1,0,0,0.0,0,0,7,0,25,62,0,0,0,0,0,52,62,0,37,3,0,5,0,0,0,0,0,
Tre Flowers,49059,CB,CIN,1,0,0,,0,0,7,60.6,60.8,67.4,,,,0,0,0,,,0,0,0,0.0,0,0,2,0,6,6,0,0,0,0,0,4,6,0,0,0,0,0,0,0,0,0,0,
Khaleke Hudson,49073,LB,WAS,1,0,0,,0,0,32,63.0,73.4,68.7,59.0,73.0,75.8,0,0,0,,0.0,0,0,0,0.0,0,0,7,0,4,10,0,0,0,0,0,0,10,1,5,3,1,2,0,0,0,0,0,
Jalen Thompson,49116,S,ARZ,1,2,0,0.0,0,0,1,74.9,82.9,76.4,57.1,79.2,83.4,0,0,1,,0.0,0,0,0,0.0,0,0,26,5,44,69,0,0,0,0,0,33,69,2,23,5,4,8,1,0,0,0,0,
Dallin Leavitt,49120,S,LV,1,0,0,,0,0,23,60.9,61.6,72.2,,60.0,,0,0,0,,,0,0,0,0.0,0,0,0,0,7,8,0,0,0,0,0,8,8,0,1,0,0,0,0,0,0,0,0,
Ryan Neal,49132,S,SEA,1,1,0,83.3,0,0,29,40.9,46.5,74.3,59.0,70.3,33.3,0,0,0,48,25.0,1,0,0,158.3,5,0,13,4,20,34,4,0,0,4,0,6,30,1,13,7,2,2,6,0,1,105,87,21.0
Trey Marshall,49154,S,LAC,1,1,0,,0,0,27,60.3,63.6,70.2,,60.6,73.3,0,0,0,,0.0,0,0,0,0.0,0,0,1,0,3,5,0,0,0,0,0,4,5,0,2,0,0,0,0,0,0,0,0,
Jessie Bates III,49162,S,CIN,1,1,0,100.0,1,0,7,29.3,28.7,77.7,58.4,67.0,57.2,0,0,0,44,14.3,1,0,1,158.3,6,0,13,0,42,63,1,0,0,1,0,45,62,1,20,4,1,5,6,0,2,108,14,18.0
Demetrius Flannigan-Fowles,49231,LB,SF,1,3,0,100.0,0,0,28,70.2,73.6,72.2,60.0,68.8,77.9,0,0,0,27,0.0,0,0,0,118.8,1,0,43,0,28,51,3,0,0,3,0,0,48,1,22,5,0,1,1,0,0,27,29,27.0
Andrew Wingard,49268,S,JAX,1,2,0,50.0,0,0,15,57.4,57.9,78.7,59.8,60.5,41.7,0,0,0,29,22.2,2,0,0,135.4,1,0,12,2,38,67,3,0,0,3,0,46,64,2,27,4,1,5,2,0,1,29,20,29.0
Carlton Davis,49335,CB,TB,1,0,0,37.5,0,0,30,65.9,66.6,77.7,,65.4,29.1,0,0,0,30,50.0,2,3,1,54.7,3,0,3,66,49,70,0,0,0,0,0,0,70,0,21,1,1,2,8,0,0,41,8,13.7
Kindle Vildor,49346,CB,CHI,1,1,0,,0,0,6,65.9,67.2,92.7,60.0,64.4,72.5,0,0,0,,0.0,0,0,0,0.0,0,0,0,14,7,15,0,0,0,0,0,0,15,1,7,0,0,0,0,0,0,0,0,
Ugo Amadi,49352,CB,SEA,1,0,0,66.7,0,0,29,35.8,28.8,73.3,,29.0,42.5,0,0,0,21,33.3,1,0,0,109.0,2,0,3,0,20,26,1,0,0,1,0,0,25,0,6,22,1,2,3,0,0,37,17,18.5
Danny Johnson,49379,CB,WAS,1,0,0,100.0,0,0,32,69.8,69.5,73.3,57.2,60.9,75.8,0,0,0,11,0.0,0,0,0,112.5,1,0,6,1,27,32,0,0,0,0,0,4,32,1,4,21,0,1,1,0,0,11,0,11.0
Taron Johnson,49511,CB,BUF,1,0,0,,0,0,4,61.9,31.8,74.2,,28.1,25.5,0,1,0,,66.7,2,0,0,0.0,0,0,2,0,3,22,2,0,0,2,0,0,20,0,19,18,1,1,0,1,0,0,0,
Ashtyn Davis,49560,S,NYJ,1,0,0,0.0,0,0,22,69.2,70.3,77.1,58.8,62.3,34.0,0,0,0,,33.3,1,1,0,39.6,0,0,25,0,30,71,1,0,0,1,0,39,70,1,40,6,0,2,1,0,0,0,0,
Rock Ya-Sin,49564,CB,IND,1,0,0,,0,0,14,70.1,70.1,76.3,,61.4,,0,0,0,,,0,0,0,0.0,0,0,1,39,30,41,0,0,0,0,0,0,41,0,11,1,0,0,0,0,0,0,0,
Breiden Fehoko,49589,DI,LAC,1,0,0,,0,0,27,,60.0,73.6,55.7,61.5,69.7,0,0,0,,0.0,0,0,0,0.0,0,0,0,0,0,13,13,8,5,0,0,0,0,6,7,0,2,3,0,0,0,0,0,
Zach Allen,49605,ED,ARZ,1,2,0,100.0,0,0,1,87.8,73.9,80.5,60.3,46.0,72.4,0,2,1,6,0.0,0,0,0,52.1,1,1,9,0,3,62,53,2,17,15,19,0,9,38,21,0,1,1,1,3,0,6,0,6.0
Shaquille Leonard,49684,LB,IND,1,3,0,33.3,0,0,14,56.9,67.7,74.1,50.2,80.0,79.9,0,1,0,14,0.0,0,0,0,49.3,1,0,40,0,23,45,4,0,0,4,0,0,41,7,15,1,3,3,3,1,0,14,11,14.0
Genard Avery,49699,ED,PHI,1,2,0,50.0,0,0,24,45.0,54.1,73.7,65.9,61.0,73.6,0,0,0,7,0.0,0,0,0,58.3,1,0,1,0,3,14,12,0,0,12,0,0,2,4,7,1,0,1,2,0,0,7,9,7.0
Cole Holcomb,49753,LB,WAS,1,4,0,71.4,0,0,32,59.4,53.9,76.3,68.2,41.1,48.2,0,0,0,28,15.4,2,2,1,96.7,5,0,48,1,44,59,0,0,0,0,0,3,59,1,14,7,1,7,7,0,0,59,33,11.8
Quincy Williams,49779,LB,NYJ,1,1,0,100.0,0,0,22,57.2,63.5,73.3,54.3,67.5,38.7,0,0,0,16,21.4,3,0,0,106.7,5,0,63,0,25,68,3,0,0,3,0,0,65,3,40,2,6,10,5,0,0,48,54,9.6
Azeez Al-Shaair,49792,LB,SF,1,3,0,88.9,0,1,28,84.9,83.3,76.5,72.8,57.5,85.3,0,0,0,11,0.0,0,0,0,83.8,8,1,63,0,43,68,0,0,0,0,0,0,68,2,23,5,8,10,9,1,0,37,11,4.6
Zaire Franklin,49834,LB,IND,1,2,0,100.0,0,0,14,62.4,68.7,68.1,,67.1,74.2,0,0,0,10,0.0,0,0,0,108.3,1,0,11,0,10,14,2,0,0,2,0,0,12,0,4,1,0,0,1,0,0,10,4,10.0
B.J. Hill,49894,DI,CIN,1,1,0,,0,0,7,,72.5,75.4,60.6,71.4,70.9,0,0,0,,0.0,0,0,0,0.0,0,1,0,0,0,21,21,1,16,2,2,0,0,10,11,0,2,2,0,1,0,0,0,
Jerry Tillery,49949,DI,LAC,1,0,0,,0,0,27,,35.7,7.0,65.4,29.0,24.2,1,3,0,,66.7,2,0,1,0.0,0,0,0,0,0,61,61,1,31,8,21,0,0,40,21,0,1,1,0,4,0,0,0,
Derrick Nnadi,49970,DI,KC,1,2,0,,0,0,16,,69.2,75.9,61.0,67.5,69.8,1,0,0,,0.0,0,0,0,0.0,0,0,0,0,0,25,25,3,22,0,0,0,0,13,12,0,0,1,0,1,0,0,0,
Broderick Washington Jr.,50049,DI,BLT,1,0,0,,0,0,3,,69.7,70.9,55.9,67.1,68.1,0,0,0,,0.0,0,0,0,0.0,0,0,0,0,0,6,6,0,3,1,2,0,0,4,2,0,0,1,0,0,0,0,0,
Uchenna Nwosu,50084,ED,LAC,1,0,0,,0,1,27,62.8,83.9,78.7,85.4,56.8,73.3,1,4,0,,,0,0,0,0.0,0,2,0,0,3,56,56,0,0,56,0,0,0,36,17,0,2,0,0,7,0,0,0,
John Franklin-Myers,50088,ED,NYJ,1,0,0,,0,0,22,,61.6,79.9,52.3,66.0,71.7,0,0,0,,0.0,0,0,0,0.0,0,0,0,0,0,45,45,0,2,35,8,0,0,19,26,0,1,2,0,0,0,0,0,
Wyatt Ray,50115,ED,CIN,1,0,0,,0,0,7,,56.9,66.9,56.9,,,0,0,0,,,0,0,0,0.0,0,0,0,0,0,2,2,0,0,2,0,0,0,2,0,0,0,0,0,0,0,0,0,
Josh Sweat,50120,ED,PHI,1,1,0,,0,0,24,,56.2,0.0,62.5,62.1,73.0,0,2,0,,0.0,0,0,1,0.0,0,2,0,0,0,34,34,0,1,30,3,0,0,26,8,0,1,0,0,4,0,0,0,
Lorenzo Carter,50126,ED,NYG,1,0,0,100.0,0,0,21,45.8,62.0,78.0,54.5,79.3,74.5,0,1,0,11,0.0,0,0,0,112.5,1,0,0,0,3,34,34,0,0,34,0,0,0,22,9,0,1,3,1,1,0,11,1,11.0
Ogbonnia Okoronkwo,50130,ED,LA,1,0,0,,0,0,26,61.2,74.1,73.1,55.2,74.1,70.5,0,0,0,,0.0,0,0,0,0.0,0,0,0,0,2,16,16,0,0,16,0,0,0,3,11,0,1,1,0,0,0,0,0,
Jacob Martin,50152,ED,HST,1,1,0,,1,0,13,,57.1,14.4,61.2,60.9,71.2,0,2,0,,0.0,0,0,1,0.0,0,0,0,0,0,56,56,0,0,55,1,0,0,22,34,0,1,1,0,2,0,0,0,
Tashawn Bower,50170,ED,MIN,1,0,0,,0,0,18,,49.6,66.7,,60.0,,0,0,0,,,0,0,0,0.0,0,0,0,0,0,1,1,0,0,1,0,0,0,0,1,0,0,0,0,0,0,0,0,
Arden Key,50201,ED,SF,1,2,0,,0,0,28,,73.3,0.0,76.3,70.4,71.2,2,1,0,,0.0,0,0,1,0.0,0,1,1,0,0,20,19,0,8,6,5,0,1,17,3,0,1,0,0,4,0,0,0,
Josh Allen,50235,ED,JAX,1,2,0,0.0,0,0,15,64.7,60.2,78.4,54.6,62.4,29.2,0,2,0,,25.0,1,0,0,39.6,0,0,0,0,3,51,51,0,0,48,3,0,0,31,17,0,1,1,1,2,0,0,0,
Christian Wilkins,50293,DI,MIA,1,1,0,,0,0,17,58.0,74.6,76.8,64.8,78.3,70.5,2,0,0,,0.0,0,0,0,0.0,0,0,0,0,3,37,37,0,17,3,17,0,0,22,12,0,2,3,0,2,0,0,0,
Xavier Crawford,50326,CB,CHI,1,1,0,40.0,0,0,6,39.4,45.4,75.7,57.6,67.8,34.1,0,0,0,23,25.0,1,0,1,100.8,2,0,3,0,19,43,0,0,0,0,0,0,43,2,22,39,0,2,5,0,1,31,33,15.5
Nik Needham,50356,CB,MIA,1,0,0,80.0,0,0,17,52.6,48.6,75.2,58.4,51.3,83.9,0,0,0,17,0.0,0,0,0,102.5,4,0,11,1,27,38,2,0,0,2,0,11,36,1,10,13,1,5,5,0,0,43,35,10.8
Anthony Averett,50365,CB,BLT,1,0,0,55.6,0,0,3,34.6,39.0,76.7,,64.2,25.5,0,0,0,40,50.0,3,0,1,134.0,5,0,5,52,34,59,0,0,0,0,0,0,59,0,25,2,2,3,9,0,1,105,64,21.0
Aaron Robinson,50370,CB,NYG,1,1,0,62.5,0,0,21,58.6,60.4,77.5,,66.8,53.8,0,0,0,17,14.3,1,1,0,79.2,5,0,5,59,45,69,0,0,0,0,0,0,69,0,24,5,2,5,8,0,0,48,17,9.6
Juan Thornhill,50426,S,KC,1,1,0,50.0,0,0,16,66.7,70.6,77.7,,67.2,84.0,0,0,1,8,0.0,0,0,0,20.8,1,0,15,0,43,68,0,0,0,0,0,46,68,0,25,7,0,5,2,0,0,8,2,8.0
Emmanuel Moseley,50430,CB,SF,1,0,0,50.0,0,0,28,88.3,88.4,69.4,,60.0,,0,0,0,0,,0,0,0,56.3,1,0,2,6,6,9,0,0,0,0,0,0,9,0,3,1,0,0,2,0,0,0,3,0.0
Jalen Davis,50431,CB,CIN,1,0,0,,0,0,7,59.9,59.8,65.2,,,,0,0,0,,,0,0,0,0.0,0,0,1,0,2,2,1,0,0,1,0,0,1,0,0,0,0,0,0,0,0,0,0,
Blessuan Austin,50434,CB,SEA,1,0,0,,0,0,29,63.5,66.1,71.5,,63.3,72.5,0,0,0,,0.0,0,0,0,0.0,0,0,0,9,4,9,0,0,0,0,0,0,9,0,5,0,0,1,0,0,0,0,0,
Amani Oruwariye,50533,CB,DET,1,0,0,54.5,0,0,11,64.6,65.9,78.3,,67.3,80.4,0,0,0,34,0.0,0,0,0,78.6,6,0,5,67,45,73,1,0,0,1,0,0,72,0,28,0,2,7,11,0,0,82,23,13.7
Avonte Maddox,50543,CB,PHI,1,0,0,80.0,0,0,24,53.8,52.3,76.8,60.0,51.8,53.0,0,0,0,19,25.0,1,0,0,103.3,4,0,4,1,37,49,4,0,0,4,0,2,45,1,11,38,0,3,5,0,0,44,20,11.0
Brandon Facyson,50564,CB,LV,1,1,0,100.0,0,0,23,53.0,55.7,77.2,,64.1,77.0,0,0,0,5,0.0,0,0,2,124.3,3,0,10,55,37,67,0,0,0,0,0,0,67,0,30,2,2,2,3,0,1,13,1,4.3
Charles Omenihu,50612,ED,SF,1,0,0,,0,0,28,,45.1,0.0,66.3,50.7,,0,0,0,,,0,0,1,0.0,0,0,0,0,0,20,20,0,1,18,1,0,0,13,7,0,0,0,0,0,0,0,0,
Jordyn Brooks,50851,LB,SEA,1,2,0,66.7,0,0,29,68.3,60.6,74.8,59.1,52.2,62.0,0,0,0,13,9.1,1,0,0,81.3,2,0,45,0,29,57,10,0,0,10,0,0,47,1,27,2,2,8,3,0,0,17,12,8.5
Roquan Smith,50892,LB,CHI,1,1,0,100.0,0,0,6,48.4,46.6,84.2,52.4,54.4,57.0,0,0,0,13,11.1,1,0,0,105.2,4,0,49,0,20,54,0,0,0,0,0,0,54,4,30,4,4,7,4,0,0,37,41,9.3
Tremaine Edmunds,50905,LB,BUF,1,4,0,100.0,0,0,4,61.1,60.8,76.3,,59.8,79.9,0,0,0,7,0.0,0,0,0,95.8,1,0,50,0,3,51,0,0,0,0,0,0,51,0,48,1,2,3,1,0,0,7,10,7.0
Leighton Vander Esch,50950,LB,DAL,1,0,0,66.7,0,0,9,50.3,31.3,73.1,59.4,29.2,71.7,0,1,0,30,0.0,0,0,0,109.7,2,0,33,1,24,39,1,0,0,1,0,0,38,1,14,4,0,1,3,1,0,42,43,21.0
Bobby Okereke,50954,LB,IND,1,0,0,80.0,0,0,14,51.4,60.4,77.1,63.1,70.6,82.8,0,1,0,15,0.0,0,0,0,93.3,4,0,38,0,24,45,3,0,0,3,0,3,42,6,15,1,2,7,5,1,0,32,25,8.0
Ja'Whaun Bentley,50966,LB,NE,1,2,0,,0,0,19,67.8,71.7,75.9,55.3,69.8,65.3,0,0,0,,12.5,1,0,0,0.0,0,0,50,0,32,54,3,0,0,3,0,0,51,2,20,1,1,5,0,0,0,0,0,
Kenny Young,51029,LB,DEN,1,2,0,100.0,0,0,10,29.1,29.1,76.2,52.5,48.9,59.1,0,0,0,14,10.0,1,0,0,107.3,4,0,31,0,21,45,1,0,0,1,0,0,44,4,20,13,3,7,4,0,0,39,27,9.8
Tyrel Dodson,51045,LB,BUF,1,1,0,,0,0,4,,65.1,72.6,,63.6,78.4,0,0,0,,0.0,0,0,0,0.0,0,0,27,0,0,27,0,0,0,0,0,0,27,0,27,0,4,4,0,0,0,0,0,
Shaquille Quarterman,51048,LB,JAX,1,0,0,50.0,0,0,15,29.1,35.1,72.4,,71.0,71.4,0,0,0,6,0.0,0,0,0,56.3,1,0,13,0,8,14,0,0,0,0,0,0,14,0,6,1,0,1,2,0,0,6,6,6.0
Julian Love,51081,S,NYG,1,1,0,50.0,0,0,21,70.9,73.3,76.3,,61.0,80.3,0,0,0,17,0.0,0,1,0,79.2,1,0,9,2,27,38,0,0,0,0,0,20,38,0,11,7,0,2,2,0,0,17,2,17.0
Ben Niemann,51099,LB,KC,1,0,1,80.0,0,0,16,46.7,55.0,75.1,90.2,54.2,78.0,0,1,0,34,0.0,0,0,0,118.8,4,0,24,2,21,29,1,0,0,1,0,0,28,5,3,2,0,3,5,1,0,72,40,18.0
A.J. Moore,51146,S,HST,1,1,0,,0,0,13,,29.9,65.1,,37.2,26.5,0,0,0,,50.0,1,0,0,0.0,0,0,9,0,0,9,0,0,0,0,0,0,9,0,9,0,0,0,0,0,0,0,0,
Taylor Rapp,51172,S,LA,1,2,0,75.0,0,0,26,58.5,60.5,80.4,,63.7,79.4,0,0,0,17,0.0,0,0,1,103.1,3,0,10,1,35,54,2,0,0,2,0,24,52,0,19,17,0,2,4,0,0,37,36,12.3
Minkah Fitzpatrick,51206,S,PIT,1,2,0,60.0,0,0,25,44.3,44.2,76.4,,61.6,67.4,0,0,1,29,10.0,1,0,1,55.0,3,0,10,0,49,74,0,0,0,0,0,50,74,0,25,14,1,7,5,0,0,51,27,17.0
Steven Parker,51220,S,NYG,1,0,0,,0,0,21,60.0,61.1,64.1,,,,0,0,0,,,0,0,0,0.0,0,0,0,0,1,1,0,0,0,0,0,0,1,0,0,1,0,0,0,0,0,0,0,
Joel Iyiegbuniwe,51221,LB,CHI,1,0,0,,0,0,6,60.0,60.0,60.5,,,,0,0,0,,,0,0,0,0.0,0,0,0,0,1,1,0,0,0,0,0,0,1,0,0,0,0,0,0,0,0,0,0,
Tracy Walker,51266,S,DET,1,3,0,100.0,0,0,11,72.2,72.2,77.7,,57.8,60.6,0,0,0,10,15.4,2,0,0,95.8,2,0,12,0,47,76,2,0,0,2,0,56,74,0,29,6,3,8,2,0,0,14,11,7.0
Drue Tranquill,51276,LB,LAC,1,1,0,50.0,0,0,27,79.2,81.0,75.4,64.6,67.2,58.5,0,1,0,5,12.5,1,1,0,56.3,1,1,55,0,44,66,2,0,0,2,0,0,64,5,17,9,4,6,2,2,0,5,4,5.0
Kristian Welch,51283,LB,BLT,1,0,0,,0,0,3,61.0,81.4,67.1,60.0,60.0,,0,0,0,,,0,0,0,0.0,0,0,4,0,2,4,0,0,0,0,0,0,4,1,1,0,0,0,0,0,0,0,0,
Khari Willis,51304,S,IND,1,0,0,0.0,0,0,14,72.8,75.0,74.6,61.7,63.3,80.2,0,1,0,,0.0,0,1,0,39.6,0,0,25,0,25,45,2,0,0,2,0,14,43,5,15,4,3,3,1,1,0,0,0,
Terrell Edmunds,51334,S,PIT,1,1,0,0.0,0,0,25,63.6,63.6,79.1,,57.3,81.8,0,0,0,,0.0,0,0,0,39.6,0,0,15,2,47,65,0,0,0,0,0,27,65,0,18,21,0,2,1,0,0,0,0,
Will Harris,51336,S,DET,1,1,0,50.0,0,0,11,61.7,62.4,77.4,56.5,64.3,78.0,0,0,0,16,0.0,0,1,0,100.0,3,0,7,3,40,58,2,0,0,2,0,4,56,2,16,42,0,2,6,0,2,24,2,8.0
Derwin James,51368,S,LAC,1,2,0,50.0,0,0,27,57.7,70.5,78.8,92.4,74.4,84.3,0,1,0,32,0.0,0,0,0,95.8,1,1,20,1,48,73,3,0,0,3,0,43,70,2,23,6,0,3,2,2,0,32,27,32.0
Marcus Epps,51391,S,PHI,1,2,0,,0,0,24,69.4,67.1,76.8,,52.9,82.1,0,0,1,,0.0,0,0,0,0.0,0,0,5,0,27,34,0,0,0,0,0,27,34,0,7,2,0,2,0,0,0,0,0,
Jaylinn Hawkins,51423,S,ATL,1,0,0,100.0,0,0,2,48.3,48.8,69.8,,60.0,,0,0,0,27,,0,0,0,158.3,1,0,5,0,11,15,0,0,0,0,0,5,15,0,4,5,0,0,1,0,1,27,17,27.0
Kenny Moore II,51596,CB,IND,1,1,0,33.3,0,1,14,95.1,95.3,76.4,73.1,67.6,79.1,0,1,1,12,0.0,0,1,0,2.8,2,0,4,13,29,45,2,0,0,2,0,0,43,1,15,26,0,3,6,1,0,17,20,8.5
Khyiris Tonga,52000,DI,CHI,1,1,0,,0,0,6,,83.5,73.8,54.3,81.0,68.4,0,0,0,,33.3,1,0,0,0.0,0,0,0,0,0,18,17,1,16,0,0,0,1,6,12,0,1,1,0,0,0,0,0,
Isaiah Dunn,52129,CB,NYJ,1,0,0,,0,0,22,68.2,58.8,75.8,,40.7,,0,0,0,,,0,0,0,0.0,0,0,1,26,11,28,1,0,0,1,0,0,27,0,17,0,0,0,0,0,0,0,0,
Paulson Adebo,52280,CB,NO,1,0,0,75.0,0,0,20,56.0,57.0,76.7,,61.3,72.5,0,0,0,12,0.0,0,0,1,87.5,3,0,2,39,33,44,0,0,0,0,0,0,44,0,11,3,0,1,4,0,0,22,7,7.3
Tarron Jackson,54410,ED,PHI,1,0,0,,0,0,24,61.6,70.6,76.9,56.5,62.5,69.2,0,0,0,,0.0,0,0,0,0.0,0,0,0,0,0,19,19,0,1,15,3,0,0,13,6,0,1,1,0,0,0,0,0,
Malcolm Koonce,55015,ED,LV,1,0,0,,0,0,23,,78.9,73.6,78.2,60.0,69.2,0,0,0,,,0,0,0,0.0,0,1,0,0,0,7,7,0,0,7,0,0,0,3,4,0,1,0,0,1,0,0,0,
A.J. Terrell,55586,CB,ATL,1,0,0,25.0,0,0,2,66.4,63.7,78.2,,47.5,36.1,0,0,0,6,25.0,1,0,0,39.6,1,0,2,65,52,70,0,0,0,0,0,0,70,0,18,3,1,3,4,0,0,6,1,6.0
Marco Wilson,55592,CB,ARZ,1,0,0,66.7,0,0,1,59.4,61.6,78.8,,67.4,75.4,0,0,0,19,0.0,0,0,1,84.0,2,0,6,56,44,68,0,0,0,0,0,0,68,0,24,6,1,3,3,0,0,19,-1,9.5
Lonnie Johnson Jr.,55615,S,HST,1,0,0,,0,0,13,,67.0,71.1,,68.1,75.1,0,0,0,,0.0,0,0,0,0.0,0,0,1,9,0,10,0,0,0,0,0,0,10,0,10,0,1,2,0,0,0,0,0,
Tre Norwood,55675,S,PIT,1,1,0,100.0,0,0,25,29.3,27.9,72.5,38.6,,55.4,0,2,0,17,25.0,1,0,0,152.1,3,0,0,0,8,13,1,0,0,1,0,0,12,5,0,12,0,2,3,2,1,33,6,11.0
Deommodore Lenoir,55686,CB,SF,1,0,0,100.0,0,0,28,42.5,44.9,75.5,,60.8,76.6,0,0,0,33,0.0,0,0,1,158.3,3,0,0,24,18,26,1,0,0,1,0,0,25,0,8,0,1,3,3,0,1,39,3,13.0
Darious Williams,55724,CB,LA,1,0,0,66.7,0,0,26,61.2,53.1,0.0,,65.3,57.7,0,0,0,16,20.0,1,1,2,77.1,2,0,4,54,36,58,0,0,0,0,0,0,58,0,22,0,1,4,3,0,0,14,6,7.0
Xavier McKinney,55775,S,NYG,1,1,0,100.0,0,0,21,64.1,60.9,78.9,,48.0,80.6,0,0,0,9,0.0,0,0,0,87.5,4,0,7,3,45,69,0,0,0,0,0,44,69,0,24,15,1,4,4,0,0,20,10,5.0
Kamren Curl,55800,S,WAS,1,1,0,80.0,0,0,32,57.3,60.8,78.7,59.4,73.6,53.4,0,0,0,15,16.7,1,0,0,103.3,4,0,4,1,44,59,4,0,0,4,0,30,55,1,14,20,1,4,5,0,0,44,18,11.0
Nate Hobbs,55948,CB,LV,1,3,0,100.0,0,0,23,56.4,69.7,75.1,50.6,91.7,87.1,0,1,1,12,0.0,0,0,0,69.8,4,0,3,3,26,49,0,0,0,0,0,0,49,3,20,43,4,7,4,1,0,41,9,10.3
Geno Stone,55967,S,BLT,1,0,0,0.0,0,0,3,62.0,68.1,72.9,69.6,60.0,,1,0,0,,,0,0,0,39.6,0,0,0,0,8,11,4,0,0,4,0,6,7,2,1,1,0,0,1,1,0,0,0,
Ambry Thomas,56058,CB,SF,1,0,0,,0,0,28,,60.1,89.4,,60.0,,0,0,0,,,0,0,0,0.0,0,0,0,0,0,1,0,0,0,0,0,0,1,0,1,0,0,0,0,0,0,0,0,
Kemon Hall,56123,CB,LAC,1,0,0,,0,0,27,,60.0,66.6,,60.0,,0,0,0,,,0,0,0,0.0,0,0,0,0,0,2,0,0,0,0,0,0,2,0,2,2,0,0,0,0,0,0,0,
Jason Pinnock,56144,S,NYJ,1,0,0,100.0,0,0,22,38.2,37.4,72.2,,,,0,0,0,22,,0,0,0,118.8,1,0,0,0,4,4,0,0,0,0,0,0,4,0,0,4,0,0,1,0,0,22,7,22.0
Ifeatu Melifonwu,56203,CB,DET,1,0,0,,0,0,11,62.2,64.9,69.8,,63.5,72.5,0,0,0,,0.0,0,0,0,0.0,0,0,2,5,6,10,0,0,0,0,0,1,10,0,4,2,0,1,0,0,0,0,0,
Jaylon Johnson,56259,CB,CHI,1,1,0,100.0,0,0,6,60.8,60.9,77.8,,59.5,44.3,0,0,0,20,33.3,1,0,0,158.3,1,0,2,46,21,49,1,0,0,1,0,0,48,0,28,0,1,1,1,0,1,20,0,20.0
Javelin Guidry,56262,CB,NYJ,1,3,0,100.0,0,0,22,51.4,45.4,74.5,,40.3,29.0,0,0,0,25,28.6,2,0,0,150.0,4,0,26,30,31,71,0,0,0,0,0,0,71,0,40,15,0,2,4,0,1,42,27,10.5
Chris Rumph II,56345,ED,LAC,1,0,0,,0,0,27,63.1,57.2,0.0,63.5,61.2,73.3,2,0,0,,0.0,0,0,1,0.0,0,1,0,0,3,31,31,0,0,31,0,0,0,17,11,0,2,2,0,3,0,0,0,
Victor Dimukeje,56347,ED,ARZ,1,0,0,,0,0,1,,59.7,65.0,59.1,,,0,0,0,,,0,0,0,0.0,0,0,0,0,0,1,1,0,0,1,0,0,0,1,0,0,0,0,0,0,0,0,0,
Raymond Johnson III,56356,DI,NYG,1,0,0,,0,0,21,,33.7,72.0,57.4,45.0,,0,0,0,,,0,0,0,0.0,0,0,0,0,0,8,8,0,2,3,3,0,0,4,4,0,0,0,0,0,0,0,0,
A.J. Epenesa,56369,ED,BUF,1,0,0,,0,0,4,,74.7,76.9,,70.8,30.1,0,0,0,,50.0,1,0,0,0.0,0,0,0,0,0,16,16,0,0,16,0,0,0,0,16,0,1,1,0,0,0,0,0,
Cameron Sample,56462,ED,CIN,1,0,0,,0,0,7,60.0,72.4,76.7,68.0,65.8,72.8,0,0,0,,0.0,0,0,0,0.0,0,1,0,0,1,23,23,0,0,23,0,0,0,12,10,0,1,1,0,1,0,0,0,
Quinton Bohanna,56673,DI,DAL,1,1,0,,0,0,9,,69.3,73.9,55.4,69.8,66.8,0,0,0,,0.0,0,0,0,0.0,0,0,0,0,0,15,15,2,13,0,0,0,0,6,9,0,0,0,0,0,0,0,0,
Milton Williams,56682,DI,PHI,1,0,0,,0,0,24,,31.6,74.6,48.4,38.1,21.5,0,1,0,,100.0,2,0,0,0.0,0,0,0,0,0,20,20,0,12,0,8,0,0,14,6,0,0,0,0,1,0,0,0,
Kwity Paye,56713,ED,IND,1,1,0,0.0,0,0,14,60.0,57.7,79.4,53.9,61.2,29.5,1,0,0,,33.3,1,0,0,39.6,0,0,0,0,1,31,31,0,3,28,0,0,0,19,11,0,1,1,1,1,0,0,0,
Alton Robinson,56857,ED,SEA,1,0,0,,0,0,29,,51.5,77.1,57.1,51.4,,0,0,0,,,0,0,0,0.0,0,0,0,0,0,21,21,0,0,21,0,0,0,13,8,0,0,0,0,0,0,0,0,
Ta'Quon Graham,56868,DI,ATL,1,0,0,,0,0,2,59.5,57.7,76.1,53.8,64.2,69.2,0,0,0,,0.0,0,0,0,0.0,0,0,0,0,1,22,22,2,14,4,2,0,0,12,9,0,1,1,0,0,0,0,0,
Anthony Rush,56895,DI,ATL,1,0,0,,0,0,2,,52.7,76.6,53.4,56.4,,0,0,0,,,0,0,0,0.0,0,0,0,0,0,20,20,12,8,0,0,0,0,13,7,0,0,0,0,0,0,0,0,
Jaelan Phillips,56902,ED,MIA,1,0,0,,0,0,17,61.8,70.1,76.0,72.1,52.1,73.2,1,2,0,,0.0,0,0,0,0.0,0,2,4,0,2,29,25,0,3,11,11,0,4,23,4,0,2,1,0,5,0,0,0,
Jay Tufele,56913,DI,JAX,1,1,0,,0,0,15,,56.1,76.2,54.3,58.0,67.6,0,0,0,,0.0,0,0,0,0.0,0,0,0,0,0,29,29,4,22,0,3,0,0,11,18,0,0,0,0,0,0,0,0,
Dayo Odeyingbo,56923,ED,IND,1,1,0,,0,0,14,,50.8,77.0,49.3,60.1,67.4,0,0,0,,0.0,0,0,0,0.0,0,0,0,0,0,22,22,0,4,15,3,0,0,17,5,0,0,0,0,0,0,0,0,
James Lynch,56962,DI,MIN,1,0,0,,0,0,18,,29.5,74.4,55.3,30.2,,0,0,0,,,0,0,0,0.0,0,0,0,0,0,16,16,1,15,0,0,0,0,6,10,0,0,0,0,0,0,0,0,
Mykal Walker,57834,LB,ATL,1,0,0,,0,0,2,65.1,67.6,71.5,60.0,,,0,0,0,,,0,0,0,0.0,0,0,5,0,5,6,1,0,0,1,0,0,5,1,0,0,0,0,0,0,0,0,0,
Jamin Davis,57905,LB,WAS,1,0,0,100.0,0,0,32,55.9,62.9,76.8,53.4,79.1,25.1,0,0,0,10,44.4,4,0,0,84.3,9,0,27,0,34,53,13,0,0,13,0,1,40,6,13,12,3,5,9,0,0,38,41,4.2
Patrick Queen,57941,LB,BLT,1,1,0,100.0,0,0,3,67.0,65.5,74.8,52.3,63.8,80.0,0,0,0,18,0.0,0,0,0,110.4,2,0,45,1,21,54,6,0,0,6,0,0,48,8,25,2,2,5,2,0,0,21,21,10.5
K'Lavon Chaisson,57945,ED,JAX,1,0,0,100.0,0,0,15,45.8,43.4,74.7,55.3,52.3,69.9,0,1,0,8,0.0,0,0,0,100.0,1,0,0,0,5,21,21,0,0,21,0,0,0,4,12,0,0,1,1,1,0,8,4,8.0
Willie Gay Jr.,57987,LB,KC,1,1,0,80.0,0,0,16,65.0,39.5,76.2,70.1,28.4,58.2,0,0,0,36,12.5,1,1,0,110.8,4,1,41,1,18,47,5,0,0,5,0,0,42,5,24,0,2,6,5,1,0,53,34,13.3
Pete Werner,58093,LB,NO,1,1,0,,0,0,20,63.9,84.5,67.7,,82.2,75.5,0,0,0,,0.0,0,0,0,0.0,0,0,13,0,8,13,0,0,0,0,0,0,13,0,5,0,2,2,0,0,0,0,0,
Baron Browning,58095,LB,DEN,1,1,0,100.0,0,0,10,65.5,55.6,76.7,,43.5,57.3,0,0,0,29,11.1,1,0,0,118.8,5,0,53,1,35,57,1,0,0,1,0,0,56,0,22,2,0,7,5,0,0,69,64,13.8
Kenneth Murray,58099,LB,LAC,1,0,0,,0,0,27,62.1,62.3,71.6,,59.5,,0,0,0,,,0,0,0,0.0,0,0,2,0,3,7,5,0,0,5,0,0,2,0,4,0,0,0,0,0,0,0,0,
Derrick Barnes,58120,LB,DET,1,0,0,100.0,0,0,11,43.3,59.6,73.1,,72.6,79.0,0,0,0,18,0.0,0,0,0,118.8,2,0,35,0,14,35,0,0,0,0,0,0,35,0,21,0,1,2,2,0,0,32,15,16.0
Joe Tryon-Shoyinka,58272,ED,TB,1,0,0,,0,0,30,60.0,62.9,75.9,51.7,74.1,27.9,0,1,0,,50.0,1,0,0,0.0,0,0,1,0,1,28,27,0,3,19,5,0,1,20,7,0,1,1,0,1,0,0,0,
Michael Carter II,60644,CB,NYJ,1,0,0,100.0,0,0,22,61.2,61.9,73.3,59.5,63.6,79.4,0,0,0,28,0.0,0,0,0,118.8,2,0,9,0,21,40,0,0,0,0,0,0,40,1,18,31,0,1,2,0,0,38,11,19.0
Darren Hall,60742,CB,ATL,1,0,0,77.8,0,0,2,61.3,60.1,76.9,50.3,62.7,49.3,0,0,0,17,16.7,1,0,0,86.6,7,0,2,11,29,44,0,0,0,0,0,0,44,4,11,31,1,5,9,0,0,43,40,6.1
Garret Wallow,60761,LB,HST,1,1,0,100.0,0,0,13,54.5,50.9,71.4,,53.9,74.8,0,0,0,24,0.0,0,0,0,116.7,2,0,12,0,6,18,3,0,0,3,0,0,15,0,12,3,1,2,2,0,0,24,19,12.0
Zach Sieler,66917,DI,MIA,1,0,0,,0,0,17,63.5,78.9,74.9,69.5,63.8,69.2,0,2,0,,0.0,0,0,0,0.0,0,0,0,0,1,33,33,0,13,0,20,0,0,24,8,0,2,2,0,2,0,0,0,
Dennis Gardeck,66928,ED,ARZ,1,0,0,100.0,0,0,1,32.1,48.3,77.4,61.5,70.2,76.2,0,0,0,11,0.0,0,0,0,110.4,2,0,9,0,5,20,8,0,1,7,0,0,12,11,4,3,0,3,2,0,0,21,7,10.5
Jonathan Owens,66930,S,HST,1,1,0,,0,0,13,,39.3,70.6,,41.2,42.1,0,0,0,,25.0,1,0,0,0.0,0,0,5,0,0,10,0,0,0,0,0,5,10,0,10,0,0,2,0,0,0,0,0,
Tavierre Thomas,66931,CB,HST,1,2,0,0.0,0,1,13,57.8,62.6,75.6,52.4,71.4,50.5,0,1,0,,16.7,1,0,0,39.6,0,0,5,1,14,42,2,0,0,2,0,0,40,3,25,34,2,3,2,1,0,0,0,
Andre Cisco,76641,S,JAX,1,0,0,100.0,0,0,15,29.2,29.1,66.0,,60.0,73.3,0,0,0,19,0.0,0,0,0,114.6,2,0,7,0,7,8,0,0,0,0,0,0,8,0,1,1,0,1,2,0,0,23,2,11.5
Chris Claybrooks,76692,CB,JAX,1,0,0,100.0,0,0,15,57.4,59.4,70.9,,62.2,75.4,0,0,0,8,0.0,0,0,0,100.0,1,0,2,9,9,11,0,0,0,0,0,0,11,0,2,0,0,2,1,0,0,8,1,8.0
Caden Sterns,76725,S,DEN,1,0,0,50.0,0,0,10,40.0,40.9,73.8,60.0,60.0,,0,0,0,38,,0,0,0,95.8,1,0,3,0,7,11,0,0,0,0,0,0,11,1,3,8,0,0,2,0,0,38,18,38.0
Gregory Rousseau,76889,ED,BUF,1,0,0,,0,0,4,,77.1,77.5,60.0,73.3,74.0,0,0,0,,0.0,0,0,0,0.0,0,0,0,0,0,23,23,0,0,21,2,0,0,1,22,0,4,4,0,0,0,0,0,
Alim McNeill,76996,DI,DET,1,0,0,,0,0,11,,36.8,78.6,54.6,37.9,67.3,0,1,0,,0.0,0,0,0,0.0,0,0,0,0,0,43,43,19,24,0,0,0,0,18,25,0,1,2,0,1,0,0,0,
Zaven Collins,77190,LB,ARZ,1,1,0,100.0,0,0,1,29.5,25.6,67.7,,60.0,71.4,0,0,0,10,0.0,0,0,0,129.2,2,0,2,1,2,3,0,0,0,0,0,0,3,0,1,0,0,0,2,0,1,11,7,5.5
Trevon Moehrig,77847,S,LV,1,1,0,66.7,0,0,23,60.0,62.8,78.9,,65.7,82.8,0,0,0,13,0.0,0,1,0,125.0,2,0,4,0,37,67,0,0,0,0,0,60,67,0,30,3,0,2,3,0,1,20,1,10.0
Nick Bolton,81322,LB,KC,1,2,0,50.0,0,0,16,65.5,59.1,68.4,,54.2,34.4,0,0,0,6,25.0,1,0,0,56.3,1,0,20,0,8,22,0,0,0,0,0,0,22,0,14,2,0,1,2,0,0,6,3,6.0
Micah Parsons,81360,LB,DAL,1,2,0,0.0,0,0,9,75.9,87.1,79.5,83.4,69.0,45.2,1,3,0,,20.0,1,0,0,39.6,0,1,50,0,34,65,12,0,0,12,0,0,53,12,19,3,2,2,2,5,0,0,0,
Ernest Jones,81399,LB,LA,1,0,0,28.6,0,0,26,80.3,89.8,76.8,72.5,77.8,82.1,0,0,0,7,0.0,0,1,0,39.6,2,1,47,0,34,56,5,0,0,5,0,0,51,1,21,4,6,8,7,1,0,13,3,6.5
Azeez Ojulari,81959,ED,NYG,1,1,0,,0,0,21,77.5,82.5,79.0,66.4,74.1,75.4,0,3,0,,0.0,0,0,0,0.0,0,1,0,0,2,41,41,0,0,41,0,0,0,21,18,0,4,3,0,4,0,0,0,
Odafe Oweh,82161,ED,BLT,1,1,0,,0,0,3,91.4,76.6,76.8,54.0,65.1,29.1,0,0,0,,28.6,2,1,0,0.0,0,0,0,0,1,35,35,0,0,34,1,0,0,22,12,0,3,4,0,0,0,0,0,
Christian Barmore,82198,DI,NE,1,2,0,,0,0,19,,60.8,76.2,73.9,46.6,69.0,1,0,0,,0.0,0,0,0,0.0,0,0,0,0,0,25,25,5,18,0,2,0,0,17,8,0,0,0,0,1,0,0,0,
Jessie Lemonier,82302,ED,DET,1,0,0,,0,0,11,,55.5,73.2,54.5,59.7,,1,0,0,,,0,0,0,0.0,0,0,0,0,0,10,10,0,0,10,0,0,0,6,4,0,0,0,0,1,0,0,0,
Bobby Brown III,82429,DI,LA,1,1,0,,0,0,26,,58.0,70.9,60.0,58.8,65.9,0,0,0,,0.0,0,0,0,0.0,0,0,0,0,0,5,5,5,0,0,0,0,0,1,4,0,0,0,0,0,0,0,0,
Jerry Jacobs,83025,CB,DET,1,0,0,100.0,0,0,11,69.8,72.0,77.2,74.8,63.7,66.3,1,0,0,48,14.3,1,0,0,110.7,7,0,9,54,43,66,0,0,0,0,0,0,66,0,23,3,5,6,7,1,0,74,16,10.6
Kelvin Joseph,83051,CB,DAL,1,0,0,,0,0,9,60.0,60.7,64.5,,,,0,0,0,,,0,0,0,0.0,0,0,0,1,1,1,0,0,0,0,0,0,1,0,0,0,0,0,0,0,0,0,0,
Patrick Surtain II,83119,CB,DEN,1,1,0,33.3,0,0,10,69.3,70.1,75.8,,65.9,26.7,0,0,1,14,50.0,1,0,0,9.7,1,0,9,48,35,57,0,0,0,0,0,0,57,0,22,0,0,0,3,0,0,14,6,14.0
Tyson Campbell,83217,CB,JAX,1,0,0,75.0,0,0,15,75.6,74.7,77.4,59.2,65.5,78.1,0,0,0,7,0.0,0,0,0,86.5,3,0,10,43,31,57,2,0,0,2,0,0,55,1,25,2,0,4,4,0,0,21,8,7.0
Jevon Holland,83873,S,MIA,1,4,0,0.0,0,0,17,75.4,80.9,78.4,65.1,65.1,85.1,1,0,0,,0.0,0,1,0,39.6,0,0,3,0,45,65,4,0,0,4,0,54,61,3,17,4,0,0,1,1,0,0,0,
Talanoa Hufanga,83903,S,SF,1,0,0,100.0,0,0,28,66.0,64.1,74.1,57.2,55.4,45.2,0,0,0,9,20.0,1,0,0,97.9,2,0,27,0,33,49,2,0,0,2,0,16,47,2,14,4,1,4,2,0,0,15,9,7.5
Brandon Aiyuk,84109,WR,SF,1,0,0,,0,0,28,,59.9,60.0,,60.0,,0,0,0,,,0,0,0,0.0,0,0,0,0,0,1,0,0,0,0,0,0,1,0,1,0,0,0,0,0,0,0,0,
Tevaughn Campbell,91247,CB,LAC,1,0,0,75.0,0,0,27,45.9,51.0,78.5,,74.3,79.7,0,0,0,25,0.0,0,0,0,105.2,6,0,5,65,47,72,2,0,0,2,0,0,70,0,25,0,2,6,8,0,0,78,23,13.0
E.J. Speed,94351,LB,IND,1,0,0,0.0,0,0,14,75.6,79.8,69.7,55.4,67.5,73.3,0,1,0,,0.0,0,0,0,39.6,0,0,10,0,9,14,0,0,0,0,0,0,14,2,3,4,1,1,1,1,0,0,0,
Jarren Williams,101750,CB,NYG,1,0,0,33.3,0,0,21,53.6,55.4,74.6,60.0,64.1,77.3,0,0,0,6,0.0,0,0,0,42.4,1,0,0,5,18,25,0,0,0,0,0,0,25,1,6,20,1,2,3,0,0,6,1,6.0
Michael Hoecht,108840,DI,LA,1,0,0,,0,0,26,,72.7,69.4,60.0,68.5,69.2,0,0,0,,0.0,0,0,0,0.0,0,0,0,0,0,5,5,0,3,0,2,0,0,1,4,0,2,2,0,0,0,0,0,
